threshold,w_CAI,w_GC,w_Kozak,w_TIS,w_TTS,balanced_accuracy
0.7,0.06,0.01,0.02,0.4,0.5,0.9149018709397791
0.7,0.04,0.02,0.02,0.4,0.5,0.9149018709397791
0.7,0.04,0.01,0.02,0.4,0.5,0.9148701936183437
0.7,0.08,0.01,0.02,0.4,0.5,0.914807654319373
0.7,0.08,0.02,0.02,0.4,0.5,0.9145109256486283
0.7,0.02,0.01,0.04,0.4,0.5,0.9144560554259482
0.7,0.04,0.03,0.02,0.4,0.5,0.9144187837151767
0.7,0.06,0.02,0.02,0.4,0.5,0.9144152640127949
0.7,0.02,0.03,0.02,0.4,0.5,0.9143498346829697
0.7,0.02,0.01,0.02,0.45,0.5,0.9143154530030528
0.6499999999999999,0.08,0.01,0.02,0.4,0.45,0.9143154530030528
0.7,0.06,0.03,0.02,0.4,0.5,0.9142605827803727
0.7,0.02,0.02,0.02,0.4,0.5,0.914213381633983
0.6499999999999999,0.04,0.01,0.02,0.4,0.45,0.9141845943434024
0.7,0.04,0.01,0.04,0.4,0.5,0.9141150156396683
0.6499999999999999,0.02,0.01,0.02,0.4,0.45,0.9140818933028056
0.6499999999999999,0.02,0.02,0.02,0.4,0.45,0.9140798186158512
0.6499999999999999,0.02,0.03,0.02,0.4,0.45,0.9140707045241334
0.6499999999999999,0.06,0.01,0.02,0.4,0.45,0.9140263934085985
0.6499999999999999,0.06,0.01,0.04,0.4,0.45,0.9140236890501171
0.7,0.08,0.03,0.02,0.4,0.5,0.9139905667132543
0.7,0.04,0.01,0.06,0.4,0.5,0.9139828976369638
0.7,0.04,0.01,0.02,0.45,0.5,0.9139441809107649
0.6499999999999999,0.08,0.01,0.02,0.4,0.5,0.913873972535504
0.7,0.08,0.01,0.04,0.45,0.45,0.9138590783820768
0.7,0.06,0.01,0.04,0.4,0.5,0.9138485192749317
0.7,0.02,0.02,0.04,0.4,0.5,0.9138274010606413
0.7,0.04,0.02,0.04,0.4,0.5,0.9138147672665418
0.7,0.08,0.01,0.04,0.4,0.5,0.9138021334724422
0.5999999999999999,0.06,0.01,0.02,0.4,0.4,0.9138021334724422
0.6499999999999999,0.02,0.01,0.04,0.4,0.45,0.913736704142617
0.5999999999999999,0.04,0.01,0.02,0.4,0.4,0.9137331844402353
0.6499999999999999,0.06,0.02,0.02,0.4,0.45,0.9137296647378537
0.7,0.06,0.01,0.02,0.45,0.5,0.9137149562567997
0.7,0.04,0.02,0.02,0.45,0.5,0.913711436554418
0.7,0.02,0.03,0.04,0.4,0.5,0.9137064718366089
0.6499999999999999,0.04,0.02,0.02,0.4,0.45,0.9137050268211816
0.6499999999999999,0.04,0.03,0.02,0.4,0.45,0.9136994324318455
0.6499999999999999,0.06,0.02,0.02,0.4,0.5,0.9136911336840281
0.6499999999999999,0.04,0.03,0.02,0.4,0.5,0.9136911336840281
0.7,0.02,0.01,0.02,0.4,0.5,0.9136774988736549
0.6499999999999999,0.02,0.01,0.02,0.45,0.5,0.9136517872863021
0.5999999999999999,0.08,0.01,0.02,0.4,0.45,0.9136356337898209
0.5999999999999999,0.04,0.01,0.02,0.4,0.45,0.9136236296672484
0.5999999999999999,0.04,0.02,0.02,0.4,0.4,0.9136228143233481
0.5999999999999999,0.06,0.03,0.02,0.4,0.4,0.9136010664375308
0.6499999999999999,0.02,0.02,0.02,0.45,0.45,0.9135905073303856
0.7,0.02,0.02,0.06,0.4,0.5,0.9135834679256223
0.6499999999999999,0.06,0.01,0.02,0.45,0.45,0.9135813932386678
0.5999999999999999,0.08,0.02,0.02,0.4,0.4,0.913567314429141
0.7,0.08,0.01,0.02,0.45,0.5,0.9135532356196141
0.6499999999999999,0.02,0.03,0.02,0.45,0.45,0.9135406018255146
0.5999999999999999,0.02,0.01,0.02,0.4,0.45,0.9135314877337968
0.7,0.02,0.01,0.04,0.45,0.5,0.9135300427183695
0.6499999999999999,0.04,0.01,0.04,0.4,0.45,0.913518038595797
0.6499999999999999,0.04,0.02,0.04,0.4,0.45,0.9135124442064608
0.6499999999999999,0.04,0.01,0.02,0.4,0.5,0.9135068498171248
0.5999999999999999,0.06,0.01,0.02,0.4,0.45,0.9135062201455978
0.5999999999999999,0.08,0.01,0.02,0.4,0.4,0.9135018850993157
0.6499999999999999,0.08,0.02,0.02,0.4,0.5,0.9134956610384527
0.7,0.06,0.01,0.04,0.45,0.45,0.9134954753660793
0.6499999999999999,0.04,0.01,0.02,0.45,0.45,0.9134822119004529
0.7,0.04,0.03,0.02,0.5,0.45,0.9134716527933076
0.6499999999999999,0.02,0.01,0.02,0.45,0.45,0.9134575739837808
0.7,0.08,0.02,0.04,0.45,0.45,0.9134505345790174
0.5999999999999999,0.02,0.01,0.02,0.4,0.4,0.913444124845781
0.7,0.06,0.02,0.04,0.4,0.5,0.9134434951742539
0.7,0.08,0.01,0.02,0.45,0.45,0.9134391601279719
0.7,0.08,0.01,0.06,0.4,0.45,0.9134300460362541
0.7,0.06,0.02,0.06,0.4,0.45,0.9134300460362541
0.5999999999999999,0.06,0.02,0.02,0.4,0.4,0.9134273416777727
0.7,0.02,0.01,0.02,0.5,0.5,0.9134091134943372
0.5999999999999999,0.02,0.02,0.02,0.4,0.4,0.913404778448055
0.5999999999999999,0.04,0.02,0.02,0.4,0.45,0.9133944050132832
0.7,0.06,0.01,0.02,0.5,0.45,0.9133689517527108
0.7,0.08,0.02,0.02,0.45,0.5,0.9133577629740388
0.7,0.08,0.02,0.02,0.45,0.45,0.9133555026147111
0.7,0.02,0.01,0.02,0.45,0.45,0.9133546872708107
0.7,0.06,0.02,0.04,0.45,0.45,0.9133478335384206
0.7,0.04,0.01,0.02,0.5,0.45,0.9133407941336571
0.7,0.08,0.03,0.02,0.45,0.5,0.9133380897751757
0.7,0.04,0.03,0.04,0.4,0.5,0.9133351997443211
0.6499999999999999,0.02,0.01,0.02,0.4,0.5,0.9133331250573666
0.7,0.06,0.03,0.02,0.45,0.5,0.9133169715608855
0.7,0.02,0.01,0.06,0.4,0.5,0.9133084871406947
0.7,0.08,0.02,0.04,0.4,0.45,0.913306226781367
0.5999999999999999,0.02,0.03,0.02,0.4,0.4,0.9132944083311678
0.7,0.06,0.02,0.02,0.5,0.45,0.9132888139418318
0.7,0.02,0.02,0.02,0.5,0.5,0.9132881842703048
0.7,0.02,0.02,0.02,0.45,0.5,0.9132873689264044
0.6499999999999999,0.02,0.02,0.02,0.4,0.5,0.9132867392548774
0.6499999999999999,0.08,0.01,0.02,0.45,0.45,0.913284664567923
0.7,0.02,0.01,0.06,0.45,0.45,0.9132768098192593
0.6499999999999999,0.06,0.01,0.02,0.4,0.5,0.9132670660560145
0.5999999999999999,0.02,0.02,0.02,0.4,0.45,0.91326499136906
0.7,0.06,0.02,0.02,0.45,0.5,0.9132621013382054
0.7,0.04,0.02,0.02,0.5,0.45,0.9132606563227781
0.7,0.04,0.01,0.02,0.5,0.5,0.9132579519642967
0.5999999999999999,0.02,0.03,0.02,0.4,0.45,0.9132488378725789
0.7,0.08,0.01,0.02,0.5,0.45,0.9132480225286785
0.7,0.04,0.03,0.06,0.4,0.45,0.9132472071847781
0.7,0.06,0.03,0.02,0.45,0.45,0.9132472071847781
0.6499999999999999,0.08,0.01,0.04,0.4,0.45,0.9132459478417241
0.7,0.04,0.02,0.04,0.45,0.45,0.9132416127954421
0.7,0.02,0.03,0.02,0.45,0.5,0.9132339437191517
0.7,0.02,0.02,0.02,0.5,0.45,0.9132324987037244
0.7,0.02,0.03,0.02,0.45,0.45,0.913231683359824
0.6499999999999999,0.08,0.03,0.02,0.45,0.4,0.9132304240167699
0.7,0.04,0.02,0.02,0.45,0.45,0.9132281636574422
0.6499999999999999,0.02,0.02,0.04,0.4,0.45,0.9132269043143881
0.7,0.08,0.03,0.04,0.4,0.45,0.9132225692681062
0.7,0.04,0.01,0.04,0.45,0.45,0.9132204945811517
0.6499999999999999,0.08,0.02,0.02,0.4,0.45,0.9132198649096248
0.7,0.06,0.01,0.06,0.4,0.5,0.9132121958333344
0.6499999999999999,0.06,0.01,0.02,0.45,0.4,0.9132064157716249
0.7,0.04,0.03,0.04,0.45,0.45,0.9132022663977162
0.6499999999999999,0.04,0.02,0.02,0.4,0.5,0.9131960423368531
0.7,0.04,0.03,0.02,0.45,0.5,0.9131875579166624
0.7,0.02,0.02,0.04,0.45,0.45,0.9131832228703802
0.6499999999999999,0.04,0.02,0.02,0.45,0.45,0.9131819635273262
0.5999999999999999,0.04,0.03,0.02,0.4,0.4,0.9131734791071354
0.7,0.06,0.01,0.02,0.5,0.5,0.9131637353438906
0.6499999999999999,0.08,0.02,0.02,0.45,0.4,0.9131614749845629
0.7,0.02,0.01,0.04,0.45,0.45,0.9131585849537083
0.5999999999999999,0.02,0.01,0.02,0.45,0.4,0.9131552509236999
0.6499999999999999,0.08,0.02,0.02,0.45,0.45,0.9131531762367455
0.7,0.06,0.02,0.02,0.45,0.45,0.9131480258465631
0.7,0.08,0.02,0.06,0.4,0.45,0.9131403567702727
0.7,0.08,0.02,0.04,0.4,0.5,0.9131397270987456
0.6499999999999999,0.08,0.01,0.04,0.4,0.4,0.9131374667394179
0.6499999999999999,0.04,0.01,0.02,0.45,0.5,0.9131279086485464
0.7,0.06,0.03,0.04,0.4,0.45,0.9131198682275093
0.7,0.08,0.03,0.04,0.45,0.45,0.9131130144951193
0.5499999999999999,0.02,0.01,0.02,0.4,0.4,0.913110310136638
0.6499999999999999,0.04,0.01,0.02,0.4,0.4,0.9131035290586548
0.6499999999999999,0.08,0.03,0.02,0.4,0.45,0.9130954159832108
0.7,0.08,0.03,0.02,0.45,0.45,0.9130925259523559
0.6499999999999999,0.04,0.03,0.02,0.45,0.45,0.913091266609302
0.6499999999999999,0.02,0.02,0.02,0.45,0.5,0.9130906369377749
0.7,0.04,0.01,0.04,0.45,0.5,0.9130771877997751
0.7,0.06,0.01,0.06,0.4,0.45,0.9130770021274017
0.5999999999999999,0.04,0.01,0.02,0.45,0.4,0.9130680737080573
0.7,0.02,0.03,0.04,0.45,0.45,0.9130658133487296
0.6499999999999999,0.06,0.02,0.02,0.45,0.45,0.9130645540056757
0.7,0.06,0.01,0.02,0.5,0.4,0.9130614783024475
0.7,0.04,0.01,0.04,0.4,0.45,0.9130585882715928
0.7,0.02,0.02,0.02,0.45,0.45,0.9130544388976841
0.7,0.04,0.03,0.02,0.45,0.45,0.9130362107142485
0.6499999999999999,0.06,0.01,0.02,0.45,0.5,0.9130336920281406
0.6499999999999999,0.06,0.03,0.02,0.4,0.5,0.9130216879055679
0.7,0.08,0.02,0.02,0.5,0.45,0.9130187978747133
0.5999999999999999,0.06,0.01,0.02,0.45,0.4,0.9130181682031863
0.7,0.04,0.02,0.02,0.5,0.5,0.9130181682031863
0.7,0.06,0.01,0.04,0.5,0.45,0.9130167231877588
0.5999999999999999,0.06,0.02,0.02,0.4,0.45,0.9130160935162319
0.6499999999999999,0.02,0.01,0.04,0.4,0.5,0.9130146485008046
0.6499999999999999,0.02,0.03,0.02,0.4,0.5,0.9130132034853772
0.7,0.06,0.01,0.02,0.45,0.45,0.9130080530951947
0.6499999999999999,0.02,0.03,0.04,0.4,0.45,0.9130047190651864
0.7,0.06,0.02,0.02,0.5,0.5,0.9129984950043233
0.6499999999999999,0.06,0.03,0.02,0.4,0.45,0.9129962346449956
0.5999999999999999,0.02,0.02,0.02,0.45,0.4,0.9129935302865143
0.6499999999999999,0.08,0.02,0.04,0.4,0.4,0.912993344614141
0.6499999999999999,0.06,0.02,0.04,0.4,0.45,0.9129920852710869
0.6499999999999999,0.08,0.01,0.02,0.45,0.4,0.9129877502248048
0.7,0.08,0.02,0.04,0.45,0.5,0.9129647429959336
0.7,0.08,0.01,0.02,0.5,0.5,0.9129612232935518
0.6499999999999999,0.06,0.02,0.04,0.4,0.4,0.912954627887942
0.7,0.06,0.03,0.06,0.4,0.45,0.912953998216415
0.6499999999999999,0.04,0.01,0.04,0.45,0.4,0.9129519235294608
0.6499999999999999,0.06,0.02,0.06,0.4,0.4,0.9129519235294608
0.6499999999999999,0.08,0.03,0.04,0.4,0.4,0.9129469588116517
0.7,0.04,0.01,0.02,0.45,0.45,0.9129461434677513
0.6499999999999999,0.02,0.02,0.04,0.45,0.45,0.9129436247816431
0.7,0.06,0.01,0.04,0.4,0.45,0.9129411787499422
0.7,0.08,0.01,0.04,0.4,0.45,0.9129391040629878
0.6499999999999999,0.08,0.01,0.02,0.4,0.4,0.9129341393451788
0.7,0.02,0.03,0.02,0.5,0.45,0.9129322503305977
0.7,0.02,0.02,0.04,0.45,0.5,0.912928100956689
0.7,0.04,0.02,0.06,0.4,0.5,0.9129175418495439
0.6499999999999999,0.06,0.01,0.06,0.4,0.4,0.9129167265056435
0.6499999999999999,0.04,0.02,0.06,0.4,0.4,0.9129167265056435
0.7,0.02,0.02,0.04,0.4,0.45,0.9129130211308885
0.6499999999999999,0.08,0.01,0.06,0.4,0.4,0.9129111321163075
0.7,0.08,0.02,0.02,0.5,0.5,0.9129077980862991
0.7,0.06,0.03,0.02,0.5,0.5,0.9129077980862991
0.6499999999999999,0.06,0.03,0.02,0.45,0.4,0.912904092711544
0.7,0.08,0.03,0.02,0.5,0.45,0.912897868650681
0.6499999999999999,0.02,0.01,0.06,0.4,0.4,0.9128941632759259
0.6499999999999999,0.08,0.03,0.02,0.4,0.4,0.9128856788557351
0.7,0.02,0.01,0.02,0.5,0.45,0.912879454794872
0.7,0.08,0.03,0.02,0.4,0.45,0.9128771944355443
0.6499999999999999,0.06,0.03,0.02,0.45,0.45,0.9128620419553368
0.6499999999999999,0.08,0.02,0.02,0.4,0.4,0.9128540015342996
0.7,0.04,0.03,0.02,0.5,0.5,0.9128458884588555
0.5999999999999999,0.06,0.01,0.04,0.4,0.4,0.9128444434434282
0.5499999999999999,0.04,0.01,0.02,0.4,0.4,0.9128438137719012
0.7,0.06,0.03,0.02,0.5,0.45,0.9128394787256191
0.6499999999999999,0.04,0.01,0.02,0.45,0.4,0.9128392930532457
0.6499999999999999,0.04,0.01,0.04,0.45,0.45,0.9128388490540921
0.7,0.04,0.02,0.04,0.5,0.45,0.9128303646339013
0.5999999999999999,0.08,0.03,0.02,0.4,0.4,0.9128303646339013
0.7,0.08,0.01,0.02,0.4,0.45,0.9128299932891546
0.7,0.06,0.02,0.02,0.4,0.45,0.9128299932891546
0.6499999999999999,0.06,0.01,0.02,0.4,0.4,0.912817359495055
0.7,0.04,0.02,0.06,0.4,0.45,0.9128161001520011
0.6499999999999999,0.02,0.01,0.04,0.45,0.45,0.91281421113742
0.6499999999999999,0.04,0.03,0.04,0.4,0.45,0.9128092464196109
0.7,0.02,0.01,0.04,0.5,0.45,0.912784608502939
0.6499999999999999,0.08,0.02,0.04,0.45,0.4,0.9127825338159846
0.6499999999999999,0.02,0.01,0.02,0.45,0.4,0.9127809031281839
0.5999999999999999,0.04,0.02,0.04,0.4,0.4,0.9127734197242667
0.6499999999999999,0.08,0.03,0.02,0.45,0.45,0.9127713450373125
0.7,0.04,0.02,0.04,0.4,0.45,0.912761859600848
0.7,0.04,0.01,0.06,0.45,0.45,0.912759970586267
0.6499999999999999,0.04,0.03,0.06,0.4,0.4,0.9127318129672133
0.5999999999999999,0.08,0.02,0.02,0.4,0.45,0.9127158451431054
0.5999999999999999,0.04,0.01,0.04,0.4,0.4,0.9127079903944416
0.6499999999999999,0.04,0.01,0.02,0.5,0.4,0.9127065453790142
0.7,0.04,0.01,0.04,0.5,0.5,0.9127052860359602
0.5999999999999999,0.02,0.02,0.04,0.4,0.4,0.9127044706920598
0.6499999999999999,0.02,0.02,0.02,0.4,0.4,0.9127040993473132
0.6499999999999999,0.06,0.03,0.04,0.4,0.4,0.9126986906303505
0.6499999999999999,0.02,0.01,0.02,0.5,0.45,0.9126968016157695
0.6499999999999999,0.04,0.02,0.02,0.45,0.4,0.9126951709279687
0.7,0.02,0.03,0.04,0.4,0.45,0.9126943555840683
0.7,0.08,0.02,0.02,0.4,0.45,0.912692910568641
0.5999999999999999,0.04,0.03,0.02,0.4,0.45,0.9126912072264333
0.6499999999999999,0.02,0.03,0.04,0.4,0.5,0.9126912072264333
0.7,0.08,0.03,0.04,0.45,0.5,0.9126912072264333
0.6499999999999999,0.04,0.03,0.02,0.45,0.4,0.9126895765386327
0.7,0.02,0.01,0.04,0.5,0.5,0.91268416782167
0.5999999999999999,0.02,0.01,0.02,0.45,0.45,0.9126820931347155
0.6499999999999999,0.02,0.02,0.02,0.5,0.4,0.9126692736682427
0.6499999999999999,0.04,0.01,0.06,0.4,0.4,0.9126649386219606
0.6499999999999999,0.02,0.02,0.02,0.45,0.4,0.9126599739041515
0.6499999999999999,0.06,0.01,0.04,0.45,0.4,0.9126551948587158
0.7,0.02,0.03,0.04,0.5,0.45,0.9126510454848071
0.7,0.06,0.02,0.04,0.4,0.45,0.912647969781579
0.6499999999999999,0.08,0.01,0.04,0.45,0.4,0.912646080766998
0.7,0.08,0.02,0.02,0.5,0.4,0.9126438204076703
0.5999999999999999,0.02,0.01,0.04,0.4,0.4,0.9126425610646163
0.6499999999999999,0.04,0.02,0.02,0.45,0.5,0.9126377820191807
0.7,0.02,0.02,0.04,0.5,0.5,0.9126342623167989
0.7,0.08,0.03,0.06,0.4,0.45,0.9126235175372803
0.6499999999999999,0.02,0.01,0.02,0.4,0.4,0.9126210715055794
0.7,0.08,0.01,0.04,0.45,0.5,0.9126187384918447
0.7,0.02,0.03,0.02,0.5,0.5,0.912615218789463
0.5999999999999999,0.04,0.01,0.04,0.4,0.45,0.912614589117936
0.7,0.06,0.01,0.02,0.4,0.45,0.9126119574138616
0.7,0.08,0.01,0.04,0.5,0.45,0.9126011399799361
0.6499999999999999,0.04,0.01,0.04,0.4,0.5,0.9125990652929817
0.6499999999999999,0.02,0.02,0.04,0.4,0.5,0.9125990652929817
0.7,0.06,0.03,0.04,0.45,0.5,0.9125955455906
0.6499999999999999,0.04,0.03,0.04,0.4,0.4,0.912592469887372
0.5499999999999999,0.02,0.02,0.02,0.4,0.4,0.912589951201264
0.6499999999999999,0.02,0.03,0.02,0.45,0.4,0.9125868754980359
0.7,0.04,0.02,0.04,0.5,0.4,0.9125777614063181
0.6499999999999999,0.02,0.01,0.04,0.4,0.4,0.9125684616422269
0.7,0.06,0.03,0.04,0.4,0.5,0.9125644979406915
0.5999999999999999,0.02,0.01,0.04,0.4,0.45,0.9125561991928741
0.7,0.02,0.02,0.04,0.5,0.45,0.9125553838489737
0.6499999999999999,0.02,0.02,0.04,0.45,0.4,0.9125524938181191
0.7,0.04,0.01,0.02,0.5,0.4,0.9125523081457456
0.7,0.04,0.01,0.04,0.5,0.45,0.9125518641465921
0.7,0.02,0.01,0.04,0.4,0.45,0.9125458984125092
0.7,0.04,0.02,0.02,0.4,0.45,0.9125444533970819
0.7,0.04,0.03,0.04,0.4,0.45,0.9125431940540278
0.5999999999999999,0.08,0.01,0.04,0.4,0.4,0.9125406753679199
0.6499999999999999,0.06,0.03,0.04,0.45,0.4,0.9125286712453473
0.6499999999999999,0.04,0.02,0.02,0.5,0.4,0.912521631840584
0.6499999999999999,0.08,0.03,0.04,0.45,0.4,0.9125195571536295
0.6499999999999999,0.06,0.02,0.02,0.45,0.4,0.9125067376871567
0.5999999999999999,0.02,0.02,0.04,0.4,0.45,0.9125062936880031
0.6499999999999999,0.06,0.01,0.04,0.45,0.45,0.912501328970194
0.7,0.06,0.02,0.04,0.5,0.4,0.9125011432978207
0.7,0.02,0.03,0.04,0.5,0.4,0.9124996982823933
0.7,0.08,0.01,0.04,0.5,0.4,0.912497623595439
0.6499999999999999,0.02,0.01,0.06,0.4,0.45,0.9124949192369576
0.6499999999999999,0.06,0.01,0.04,0.4,0.4,0.9124932885491569
0.6499999999999999,0.04,0.02,0.02,0.4,0.4,0.9124924732052565
0.7,0.02,0.03,0.06,0.4,0.45,0.9124876941598208
0.7,0.02,0.03,0.06,0.4,0.5,0.9124808404274307
0.6499999999999999,0.02,0.01,0.04,0.45,0.4,0.9124800250835303
0.7,0.06,0.03,0.02,0.4,0.45,0.9124763197087753
0.7,0.04,0.02,0.02,0.5,0.4,0.9124756900372484
0.6499999999999999,0.06,0.01,0.04,0.4,0.5,0.9124746163665676
0.6499999999999999,0.04,0.02,0.04,0.4,0.5,0.9124746163665676
0.6499999999999999,0.06,0.02,0.02,0.4,0.4,0.9124601662122941
0.7,0.04,0.01,0.06,0.4,0.45,0.9124595365407671
0.7,0.06,0.01,0.04,0.45,0.5,0.9124520531368501
0.5999999999999999,0.02,0.03,0.04,0.4,0.4,0.9124414940297048
0.7,0.08,0.01,0.02,0.5,0.4,0.9124398633419042
0.7,0.06,0.01,0.02,0.45,0.4,0.9124382326541034
0.7,0.04,0.03,0.02,0.4,0.45,0.9124340832801947
0.6499999999999999,0.06,0.02,0.04,0.45,0.4,0.9124294899071324
0.7,0.04,0.03,0.04,0.45,0.5,0.9124288602356053
0.6499999999999999,0.08,0.01,0.04,0.45,0.45,0.9124141517545514
0.7,0.02,0.03,0.04,0.45,0.5,0.9124042223189333
0.7,0.06,0.03,0.04,0.45,0.45,0.9123907731809334
0.7,0.06,0.03,0.02,0.5,0.4,0.9123864381346514
0.7,0.06,0.02,0.04,0.5,0.45,0.9123845491200704
0.6499999999999999,0.02,0.03,0.02,0.45,0.5,0.9123839194485434
0.6499999999999999,0.04,0.03,0.04,0.45,0.45,0.9123733603413982
0.7,0.08,0.02,0.02,0.45,0.4,0.912366579263415
0.5999999999999999,0.06,0.02,0.04,0.4,0.4,0.9123613562188257
0.6499999999999999,0.08,0.03,0.02,0.4,0.5,0.9123592815318713
0.6499999999999999,0.06,0.03,0.04,0.4,0.45,0.9123563915010167
0.6499999999999999,0.02,0.01,0.02,0.5,0.4,0.9123499817677803
0.7,0.08,0.03,0.04,0.4,0.5,0.9123352732867264
0.7,0.08,0.02,0.04,0.5,0.45,0.9123346436151993
0.7,0.06,0.01,0.06,0.45,0.4,0.9123315679119712
0.7,0.06,0.02,0.02,0.5,0.4,0.9123280482095896
0.5999999999999999,0.04,0.02,0.02,0.45,0.4,0.9123276042104359
0.7,0.06,0.02,0.04,0.45,0.5,0.9123240845080542
0.6499999999999999,0.08,0.02,0.04,0.4,0.45,0.9123226394926269
0.6499999999999999,0.08,0.01,0.02,0.5,0.4,0.9123226394926269
0.7,0.04,0.03,0.02,0.5,0.4,0.9123210088048261
0.7,0.08,0.03,0.02,0.5,0.4,0.9123098200261539
0.7,0.08,0.03,0.02,0.5,0.5,0.9123093760270002
0.6499999999999999,0.06,0.03,0.02,0.4,0.4,0.9123090046822536
0.6499999999999999,0.02,0.03,0.04,0.4,0.4,0.9123034102929175
0.6499999999999999,0.06,0.02,0.04,0.45,0.45,0.9123023366222369
0.6499999999999999,0.02,0.03,0.02,0.5,0.4,0.9123015212783365
0.6499999999999999,0.08,0.02,0.04,0.45,0.45,0.9122932225305191
0.7,0.02,0.02,0.06,0.45,0.45,0.9122930368581458
0.7,0.04,0.01,0.02,0.4,0.45,0.9122750670014905
0.7,0.04,0.02,0.04,0.45,0.5,0.9122621748806107
0.6499999999999999,0.04,0.03,0.02,0.5,0.4,0.9122551354758472
0.5999999999999999,0.04,0.03,0.04,0.4,0.4,0.9122530607888929
0.7,0.04,0.02,0.04,0.5,0.5,0.9122524311173659
0.7,0.06,0.01,0.04,0.5,0.5,0.9122524311173659
0.7,0.06,0.01,0.04,0.5,0.4,0.9122493554141378
0.6499999999999999,0.04,0.03,0.02,0.4,0.4,0.9122330162452832
0.6499999999999999,0.02,0.02,0.06,0.4,0.4,0.9122282371998476
0.7,0.02,0.01,0.06,0.4,0.45,0.9122147880618476
0.7,0.02,0.02,0.02,0.5,0.4,0.9121936698475573
0.6499999999999999,0.06,0.01,0.02,0.5,0.4,0.912189706146022
0.7,0.08,0.01,0.02,0.45,0.4,0.9121893348012753
0.7,0.08,0.01,0.06,0.4,0.5,0.9121876314590676
0.7,0.04,0.01,0.06,0.45,0.4,0.9121845557558395
0.5999999999999999,0.02,0.03,0.02,0.45,0.4,0.9121785173673498
0.6499999999999999,0.04,0.02,0.04,0.45,0.45,0.912169403275632
0.7,0.08,0.02,0.06,0.45,0.45,0.9121644385578229
0.7,0.02,0.01,0.02,0.5,0.4,0.9121619925261218
0.6499999999999999,0.02,0.01,0.04,0.45,0.5,0.9121617341993415
0.7,0.04,0.03,0.04,0.5,0.45,0.9121609188554411
0.7,0.02,0.01,0.06,0.45,0.5,0.9121518047637234
0.7,0.06,0.03,0.04,0.5,0.45,0.9121518047637234
0.7,0.02,0.03,0.04,0.5,0.5,0.912144135687433
0.7,0.06,0.01,0.06,0.45,0.45,0.9121383556257235
0.7,0.02,0.02,0.06,0.4,0.45,0.9121311305485867
0.6499999999999999,0.08,0.03,0.04,0.4,0.45,0.9121306865494332
0.6499999999999999,0.04,0.01,0.04,0.4,0.4,0.9121296855331594
0.6499999999999999,0.02,0.02,0.04,0.4,0.4,0.9121296855331594
0.6499999999999999,0.06,0.03,0.04,0.45,0.45,0.9121103836790432
0.6499999999999999,0.06,0.02,0.02,0.5,0.4,0.9121095683351428
0.5499999999999999,0.06,0.01,0.02,0.4,0.4,0.9121033442742797
0.6499999999999999,0.04,0.01,0.02,0.5,0.45,0.9120983795564707
0.5999999999999999,0.06,0.03,0.02,0.4,0.45,0.9120963048695163
0.5999999999999999,0.08,0.01,0.02,0.45,0.4,0.912094859854089
0.7,0.08,0.03,0.06,0.45,0.4,0.9120946741817155
0.5999999999999999,0.06,0.02,0.02,0.45,0.4,0.9120913401517072
0.6499999999999999,0.04,0.02,0.04,0.4,0.4,0.9120868194330518
0.7,0.02,0.03,0.02,0.5,0.4,0.9120797800282884
0.6499999999999999,0.04,0.01,0.06,0.4,0.45,0.9120793360291348
0.7,0.06,0.02,0.06,0.4,0.5,0.912075816326753
0.6499999999999999,0.04,0.02,0.04,0.45,0.4,0.9120694065935167
0.6499999999999999,0.02,0.03,0.04,0.45,0.45,0.9120611078456992
0.6499999999999999,0.04,0.03,0.04,0.45,0.4,0.9120567727994171
0.7,0.02,0.03,0.08,0.4,0.45,0.9120412489744629
0.7,0.02,0.02,0.06,0.45,0.4,0.9120389886151352
0.6499999999999999,0.02,0.03,0.04,0.45,0.4,0.9120321348827451
0.6499999999999999,0.04,0.03,0.04,0.4,0.5,0.9120217614479733
0.7,0.08,0.02,0.04,0.5,0.4,0.9120180560732182
0.7,0.04,0.01,0.04,0.5,0.4,0.9120046069352183
0.6499999999999999,0.02,0.03,0.06,0.4,0.4,0.9119990125458823
0.6499999999999999,0.06,0.02,0.04,0.4,0.5,0.9119880094395835
0.6499999999999999,0.08,0.01,0.04,0.4,0.5,0.9119880094395835
0.7,0.08,0.01,0.06,0.45,0.45,0.9119871940956832
0.7,0.04,0.02,0.02,0.45,0.4,0.9119642595212187
0.7,0.04,0.03,0.04,0.5,0.4,0.9119561464457746
0.7,0.02,0.03,0.02,0.4,0.45,0.911955145429501
0.7,0.08,0.02,0.06,0.4,0.5,0.9119548871027207
0.5999999999999999,0.08,0.02,0.04,0.4,0.4,0.9119492927133845
0.5999999999999999,0.06,0.03,0.04,0.4,0.4,0.9119457730110028
0.6499999999999999,0.02,0.02,0.06,0.4,0.45,0.9119408082931938
0.6499999999999999,0.04,0.03,0.02,0.45,0.5,0.9119345842323308
0.7,0.04,0.01,0.04,0.45,0.4,0.9119333975436836
0.5999999999999999,0.08,0.03,0.04,0.4,0.4,0.9119331392169033
0.6499999999999999,0.02,0.03,0.06,0.4,0.45,0.9119281744990944
0.7,0.02,0.03,0.06,0.45,0.45,0.9119217647658578
0.7,0.04,0.02,0.06,0.45,0.45,0.9119217647658578
0.7,0.06,0.02,0.06,0.45,0.45,0.9119161703765217
0.7,0.04,0.03,0.06,0.45,0.45,0.9119161703765217
0.7,0.04,0.01,0.06,0.5,0.45,0.9119085013002313
0.7,0.02,0.02,0.08,0.4,0.45,0.9119047959254762
0.7,0.08,0.01,0.04,0.45,0.4,0.9118954961613852
0.7,0.06,0.02,0.02,0.45,0.4,0.9118946808174848
0.7,0.02,0.01,0.08,0.4,0.45,0.9118801580088043
0.7,0.08,0.03,0.04,0.5,0.45,0.9118782689942233
0.6499999999999999,0.02,0.02,0.02,0.5,0.45,0.9118782689942233
0.5999999999999999,0.02,0.01,0.02,0.4,0.5,0.9118776393226962
0.7,0.08,0.03,0.06,0.4,0.5,0.9118747492918415
0.7,0.04,0.02,0.08,0.4,0.45,0.911858410122987
0.7,0.04,0.03,0.02,0.45,0.4,0.9118574091067133
0.7,0.02,0.01,0.06,0.5,0.45,0.9118501113751696
0.7,0.06,0.03,0.06,0.45,0.45,0.911832512863261
0.6499999999999999,0.02,0.03,0.02,0.4,0.4,0.9118321415185142
0.6499999999999999,0.08,0.01,0.02,0.45,0.5,0.9118227691000161
0.6499999999999999,0.06,0.02,0.02,0.45,0.5,0.9118227691000161
0.6499999999999999,0.02,0.02,0.04,0.5,0.4,0.9118163593667796
0.5999999999999999,0.06,0.01,0.04,0.4,0.45,0.9118066156035349
0.6499999999999999,0.02,0.01,0.06,0.4,0.5,0.9117890170916263
0.7,0.04,0.03,0.06,0.4,0.5,0.9117811623429626
0.7,0.02,0.02,0.04,0.5,0.4,0.9117774569682076
0.7,0.02,0.02,0.02,0.4,0.45,0.9117638221578344
0.7,0.06,0.01,0.04,0.45,0.4,0.9117590431123985
0.5999999999999999,0.08,0.03,0.02,0.4,0.45,0.9117552650832366
0.7,0.06,0.02,0.04,0.45,0.4,0.9117534487230625
0.6499999999999999,0.06,0.03,0.06,0.4,0.4,0.9117515597084815
0.7,0.08,0.02,0.04,0.45,0.4,0.9117443346313447
0.7,0.08,0.03,0.04,0.45,0.4,0.9117422599443903
0.7,0.04,0.01,0.08,0.45,0.4,0.9117416302728634
0.7,0.04,0.03,0.04,0.5,0.5,0.9117250327772284
0.6499999999999999,0.08,0.02,0.06,0.4,0.4,0.9117178077000916
0.7,0.04,0.02,0.06,0.45,0.4,0.9117085079360006
0.7,0.08,0.01,0.06,0.45,0.4,0.9117064332490461
0.7,0.08,0.03,0.06,0.4,0.4,0.9116950587980006
0.5999999999999999,0.04,0.02,0.04,0.4,0.45,0.9116948004712203
0.7,0.04,0.01,0.08,0.4,0.45,0.9116882050656105
0.6499999999999999,0.02,0.01,0.04,0.5,0.4,0.9116869457225565
0.7,0.04,0.02,0.04,0.45,0.4,0.9116809799884737
0.7,0.04,0.03,0.06,0.45,0.5,0.9116772019593118
0.7,0.02,0.01,0.06,0.45,0.4,0.9116753855991377
0.6499999999999999,0.08,0.02,0.02,0.5,0.4,0.9116567134165485
0.6499999999999999,0.04,0.02,0.06,0.4,0.45,0.9116405599200672
0.7,0.02,0.03,0.02,0.45,0.4,0.9116358535290385
0.7,0.02,0.02,0.06,0.45,0.5,0.9116279261259677
0.7,0.04,0.01,0.06,0.5,0.4,0.9116256657666401
0.5999999999999999,0.04,0.03,0.02,0.45,0.4,0.9116244064235861
0.6499999999999999,0.08,0.03,0.06,0.4,0.45,0.9116096979425321
0.7,0.04,0.03,0.04,0.45,0.4,0.9116078815823581
0.7,0.08,0.03,0.06,0.45,0.45,0.9116032882092957
0.7,0.08,0.03,0.02,0.45,0.4,0.9115993971621672
0.6499999999999999,0.08,0.03,0.04,0.45,0.45,0.9115829853389057
0.7,0.02,0.01,0.08,0.4,0.5,0.911575130590242
0.7,0.02,0.03,0.06,0.45,0.5,0.911574500918715
0.7,0.06,0.03,0.02,0.45,0.4,0.9115712395431136
0.7,0.06,0.01,0.08,0.4,0.45,0.9115707955439598
0.7,0.06,0.02,0.06,0.45,0.5,0.9115689065293788
0.6499999999999999,0.08,0.03,0.06,0.4,0.4,0.9115666461700511
0.5499999999999999,0.04,0.02,0.02,0.4,0.4,0.9115618671246155
0.7,0.08,0.01,0.08,0.4,0.45,0.911561681452242
0.7,0.06,0.01,0.06,0.45,0.5,0.9115477883150886
0.7,0.04,0.02,0.06,0.45,0.5,0.9115442686127069
0.7,0.06,0.02,0.04,0.5,0.5,0.9115421939257524
0.6499999999999999,0.04,0.01,0.04,0.5,0.4,0.9115287447877527
0.7,0.02,0.01,0.04,0.5,0.4,0.9115256690845246
0.7,0.06,0.02,0.08,0.4,0.45,0.9115244097414705
0.7,0.04,0.03,0.08,0.4,0.45,0.9115244097414705
0.6499999999999999,0.04,0.03,0.06,0.45,0.4,0.9114985124817445
0.7,0.08,0.01,0.06,0.45,0.5,0.9114978828102176
0.7,0.06,0.02,0.06,0.45,0.4,0.9114933620915622
0.7,0.02,0.01,0.08,0.45,0.4,0.9114898423891804
0.6499999999999999,0.06,0.03,0.02,0.45,0.5,0.9114817293137363
0.7,0.08,0.02,0.06,0.45,0.4,0.9114807282974626
0.5999999999999999,0.02,0.03,0.04,0.4,0.45,0.9114782096113546
0.7,0.06,0.01,0.08,0.45,0.4,0.9114751339081266
0.5999999999999999,0.04,0.01,0.02,0.4,0.5,0.9114690955196368
0.6499999999999999,0.06,0.02,0.06,0.45,0.4,0.9114647604733548
0.5999999999999999,0.02,0.01,0.04,0.45,0.4,0.9114626857864003
0.7,0.08,0.01,0.06,0.5,0.4,0.9114583507401184
0.7,0.02,0.02,0.08,0.45,0.4,0.9114469762890729
0.7,0.06,0.03,0.06,0.45,0.5,0.9114409379005831
0.7,0.06,0.03,0.04,0.5,0.4,0.9114393072127824
0.7,0.02,0.02,0.06,0.5,0.45,0.9114345281673466
0.7,0.02,0.01,0.02,0.4,0.45,0.9114304514478448
0.7,0.06,0.03,0.04,0.45,0.4,0.9114194483415461
0.6499999999999999,0.02,0.01,0.08,0.4,0.4,0.9114181889984921
0.6499999999999999,0.02,0.01,0.06,0.45,0.4,0.9114175593269651
0.6499999999999999,0.02,0.02,0.06,0.4,0.5,0.9114071858921933
0.7,0.06,0.03,0.06,0.4,0.5,0.9114063705482929
0.6499999999999999,0.04,0.01,0.06,0.45,0.4,0.9114014058304838
0.6499999999999999,0.06,0.01,0.02,0.5,0.45,0.9113916620672391
0.7,0.08,0.03,0.04,0.5,0.4,0.9113591694019032
0.6499999999999999,0.06,0.01,0.06,0.45,0.4,0.9113585397303763
0.7,0.02,0.03,0.04,0.45,0.4,0.9113525739962935
0.6499999999999999,0.08,0.01,0.06,0.4,0.45,0.9113403115469407
0.7,0.06,0.03,0.06,0.45,0.4,0.9113316414543766
0.7,0.02,0.03,0.06,0.45,0.4,0.9113090782246589
0.7,0.06,0.03,0.08,0.4,0.45,0.9113057441946505
0.6499999999999999,0.06,0.03,0.02,0.5,0.4,0.9112945554159784
0.7,0.08,0.01,0.04,0.5,0.5,0.911291851057497
0.7,0.06,0.01,0.06,0.5,0.4,0.9112916653851237
0.6499999999999999,0.08,0.01,0.06,0.45,0.4,0.9112819216218788
0.7,0.02,0.01,0.04,0.45,0.4,0.911271620841514
0.6499999999999999,0.08,0.02,0.02,0.45,0.5,0.9112651384538706
0.6499999999999999,0.04,0.03,0.06,0.4,0.45,0.911262248423016
0.7,0.04,0.02,0.08,0.45,0.4,0.9112585430482609
0.5999999999999999,0.02,0.01,0.06,0.4,0.4,0.9112481696134891
0.6499999999999999,0.08,0.03,0.04,0.4,0.5,0.9112384258502443
0.7,0.04,0.01,0.06,0.45,0.5,0.9112320161170078
0.7,0.08,0.02,0.06,0.45,0.5,0.9112278667430991
0.6499999999999999,0.02,0.02,0.06,0.45,0.4,0.9112220866813897
0.7,0.04,0.03,0.06,0.45,0.4,0.9112022278101535
0.6499999999999999,0.08,0.02,0.06,0.45,0.4,0.9111947444062363
0.7,0.04,0.01,0.02,0.45,0.4,0.9111906676867345
0.6499999999999999,0.04,0.01,0.06,0.4,0.5,0.9111905950323276
0.7,0.06,0.01,0.06,0.5,0.45,0.9111645121002282
0.7,0.02,0.01,0.06,0.5,0.4,0.911150247618328
0.7,0.08,0.02,0.06,0.4,0.4,0.9111486169305273
0.7,0.08,0.03,0.04,0.4,0.4,0.9111457268996725
0.7,0.02,0.02,0.04,0.45,0.4,0.9111380578233821
0.5999999999999999,0.08,0.02,0.02,0.45,0.4,0.9111377994966019
0.6499999999999999,0.04,0.01,0.04,0.45,0.5,0.9111371698250748
0.7,0.08,0.03,0.08,0.4,0.4,0.9111276843886104
0.7,0.08,0.03,0.08,0.4,0.45,0.9111208306562202
0.6499999999999999,0.06,0.03,0.06,0.45,0.4,0.9111202009846933
0.6499999999999999,0.08,0.01,0.02,0.5,0.45,0.9111181262977388
0.5999999999999999,0.04,0.02,0.06,0.4,0.4,0.9111146065953571
0.6499999999999999,0.06,0.03,0.04,0.4,0.5,0.911109012206021
0.6499999999999999,0.08,0.02,0.04,0.4,0.5,0.911109012206021
0.5999999999999999,0.08,0.01,0.04,0.4,0.45,0.9111069375190668
0.7,0.08,0.03,0.06,0.45,0.5,0.9110998981143033
0.7,0.04,0.02,0.06,0.5,0.45,0.9110934883810669
0.7,0.02,0.03,0.06,0.5,0.45,0.9110899686786851
0.7,0.02,0.02,0.08,0.4,0.5,0.911085003960876
0.6499999999999999,0.06,0.02,0.06,0.4,0.45,0.9110829292739218
0.7,0.08,0.01,0.08,0.4,0.4,0.9110804832422207
0.7,0.04,0.03,0.06,0.5,0.45,0.9110773348845856
0.6499999999999999,0.08,0.02,0.06,0.4,0.45,0.9110702954798222
0.5999999999999999,0.02,0.02,0.02,0.4,0.5,0.9110696658082952
0.6499999999999999,0.04,0.02,0.02,0.5,0.45,0.9110667757774404
0.5999999999999999,0.04,0.01,0.06,0.4,0.4,0.9110562166702953
0.6499999999999999,0.08,0.03,0.02,0.5,0.4,0.911054771654868
0.7,0.06,0.02,0.06,0.5,0.45,0.9110365434714324
0.7,0.02,0.02,0.06,0.5,0.4,0.911036357799059
0.7,0.08,0.02,0.04,0.4,0.4,0.9110219076447855
0.7,0.08,0.02,0.08,0.4,0.4,0.9110144242408684
0.7,0.02,0.01,0.06,0.5,0.5,0.9110112758832334
0.5999999999999999,0.02,0.03,0.06,0.4,0.4,0.9110027914630425
0.6499999999999999,0.06,0.01,0.06,0.45,0.45,0.9109775238748437
0.7,0.08,0.02,0.08,0.4,0.45,0.9109773382024702
0.7,0.02,0.02,0.02,0.45,0.4,0.9109740768268688
0.6499999999999999,0.02,0.02,0.08,0.4,0.4,0.9109723734846611
0.7,0.06,0.03,0.06,0.5,0.4,0.9109717438131342
0.6499999999999999,0.02,0.01,0.06,0.45,0.45,0.9109690394546528
0.6499999999999999,0.06,0.01,0.04,0.5,0.4,0.9109640747368437
0.7,0.08,0.01,0.06,0.4,0.4,0.9109572936588606
0.6499999999999999,0.06,0.01,0.06,0.4,0.45,0.9109499959273168
0.6499999999999999,0.04,0.02,0.06,0.45,0.45,0.910940252164072
0.6499999999999999,0.04,0.03,0.02,0.5,0.45,0.9109388071486447
0.7,0.04,0.02,0.06,0.5,0.4,0.9109330270869352
0.7,0.06,0.03,0.08,0.45,0.45,0.9109247283391178
0.7,0.06,0.02,0.08,0.45,0.45,0.9109071298272092
0.7,0.04,0.01,0.08,0.4,0.5,0.9109021651094001
0.7,0.08,0.01,0.06,0.5,0.45,0.9108944960331098
0.7,0.02,0.01,0.08,0.45,0.45,0.9108936806892094
0.5999999999999999,0.06,0.02,0.04,0.4,0.45,0.9108868269568193
0.6499999999999999,0.04,0.01,0.06,0.45,0.45,0.910885381941392
0.6499999999999999,0.02,0.02,0.04,0.45,0.5,0.9108797875520558
0.5999999999999999,0.04,0.02,0.02,0.4,0.5,0.9108777128651016
0.5499999999999999,0.02,0.03,0.02,0.4,0.4,0.910871303131865
0.5999999999999999,0.06,0.01,0.06,0.4,0.4,0.9108642637271016
0.6499999999999999,0.04,0.01,0.08,0.4,0.4,0.9108640780547284
0.6499999999999999,0.02,0.03,0.04,0.5,0.4,0.9108592990092925
0.6499999999999999,0.04,0.02,0.06,0.45,0.4,0.9108508145891018
0.6499999999999999,0.06,0.03,0.06,0.4,0.45,0.9108501849175747
0.5999999999999999,0.02,0.02,0.06,0.4,0.4,0.9108361061080479
0.5999999999999999,0.08,0.03,0.02,0.45,0.4,0.9108340314210935
0.7,0.06,0.03,0.04,0.4,0.4,0.9108320293885461
0.7,0.08,0.02,0.08,0.45,0.45,0.910816432909185
0.6499999999999999,0.02,0.03,0.06,0.45,0.4,0.9108135428783303
0.5999999999999999,0.06,0.03,0.02,0.45,0.4,0.9108058738020399
0.7,0.04,0.03,0.06,0.5,0.4,0.9108050584581395
0.7,0.06,0.02,0.06,0.5,0.4,0.9108050584581395
0.7,0.08,0.02,0.04,0.5,0.5,0.9107982047257495
0.7,0.06,0.03,0.08,0.4,0.4,0.910794313678621
0.6499999999999999,0.06,0.02,0.02,0.5,0.45,0.9107932400079404
0.7,0.08,0.02,0.06,0.5,0.4,0.9107889049616582
0.7,0.06,0.03,0.06,0.4,0.4,0.9107864589299572
0.7,0.04,0.03,0.08,0.45,0.45,0.9107580429841231
0.7,0.02,0.03,0.06,0.5,0.4,0.9107466685330776
0.7,0.06,0.01,0.08,0.45,0.45,0.9107334050674512
0.5999999999999999,0.02,0.03,0.02,0.4,0.5,0.9107286260220154
0.6499999999999999,0.02,0.03,0.06,0.45,0.45,0.9107201416018247
0.7,0.08,0.01,0.08,0.4,0.5,0.9107081374792521
0.5999999999999999,0.04,0.03,0.04,0.4,0.45,0.9107039881053434
0.7,0.08,0.01,0.08,0.45,0.45,0.9106905389673435
0.7,0.04,0.03,0.08,0.4,0.4,0.9106740141261156
0.6499999999999999,0.08,0.02,0.02,0.5,0.45,0.9106687910815262
0.7,0.04,0.02,0.08,0.45,0.45,0.9106251096375182
0.7,0.04,0.02,0.08,0.4,0.4,0.9105945059867635
0.6499999999999999,0.02,0.03,0.02,0.5,0.45,0.9105928026445558
0.7,0.06,0.02,0.06,0.4,0.4,0.9105916159559088
0.7,0.06,0.03,0.04,0.5,0.5,0.9105816138658837
0.6499999999999999,0.02,0.03,0.08,0.4,0.4,0.9105814281935103
0.6499999999999999,0.06,0.01,0.08,0.4,0.4,0.9105743887887469
0.7,0.06,0.02,0.08,0.4,0.4,0.9105657186961827
0.6499999999999999,0.08,0.01,0.04,0.5,0.4,0.9105520112314025
0.7,0.02,0.03,0.08,0.4,0.5,0.910534412719494
0.7,0.02,0.03,0.08,0.4,0.4,0.9105305216723656
0.6499999999999999,0.06,0.03,0.02,0.5,0.45,0.9105302633455853
0.7,0.04,0.03,0.06,0.4,0.4,0.9105241119391292
0.7,0.02,0.01,0.02,0.45,0.4,0.9105218515798015
0.5999999999999999,0.06,0.01,0.02,0.4,0.5,0.9105155548645314
0.5999999999999999,0.04,0.01,0.04,0.45,0.4,0.9105056254289132
0.7,0.08,0.03,0.08,0.45,0.45,0.9105021057265316
0.6499999999999999,0.04,0.02,0.04,0.5,0.4,0.9104598692979509
0.5499999999999999,0.08,0.01,0.02,0.4,0.4,0.9104592396264239
0.7,0.08,0.03,0.06,0.5,0.4,0.9104513848777602
0.5999999999999999,0.08,0.01,0.06,0.4,0.4,0.9104486805192789
0.6499999999999999,0.02,0.02,0.06,0.45,0.45,0.9104451608168971
0.5999999999999999,0.04,0.03,0.06,0.4,0.4,0.9104416411145154
0.6499999999999999,0.08,0.01,0.08,0.4,0.4,0.9104302666634698
0.7,0.04,0.01,0.08,0.45,0.5,0.9104254876180342
0.5999999999999999,0.02,0.02,0.02,0.45,0.45,0.9104219679156524
0.7,0.02,0.02,0.08,0.45,0.45,0.9104141131669886
0.7,0.06,0.02,0.08,0.4,0.5,0.9104134834954616
0.7,0.02,0.03,0.08,0.45,0.45,0.9104120384800343
0.7,0.02,0.01,0.08,0.45,0.5,0.9104043694037438
0.5499999999999999,0.06,0.02,0.02,0.4,0.4,0.9103882159072627
0.7,0.06,0.01,0.08,0.4,0.5,0.9103853258764079
0.7,0.06,0.02,0.08,0.45,0.4,0.9103830655170801
0.6499999999999999,0.06,0.02,0.04,0.5,0.4,0.9103691723799266
0.5999999999999999,0.08,0.02,0.06,0.4,0.4,0.9103544638988728
0.5999999999999999,0.06,0.03,0.06,0.4,0.4,0.9103544638988728
0.5999999999999999,0.02,0.01,0.06,0.4,0.45,0.9103523892119185
0.7,0.02,0.03,0.08,0.45,0.4,0.9103478684932631
0.5999999999999999,0.04,0.01,0.02,0.45,0.45,0.9103474244941094
0.6499999999999999,0.08,0.01,0.06,0.45,0.45,0.910345349807155
0.6499999999999999,0.02,0.01,0.08,0.4,0.45,0.91032134156201
0.5999999999999999,0.02,0.02,0.04,0.45,0.4,0.9103192668750557
0.6499999999999999,0.04,0.02,0.08,0.4,0.4,0.910317006515728
0.7,0.04,0.02,0.08,0.4,0.5,0.9103143021572466
0.7,0.04,0.01,0.08,0.45,0.45,0.9103058177370558
0.7,0.06,0.01,0.08,0.4,0.4,0.9103033717053547
0.6499999999999999,0.08,0.03,0.02,0.5,0.45,0.9102975189892384
0.7,0.06,0.01,0.06,0.4,0.4,0.9102919972543092
0.7,0.02,0.02,0.08,0.4,0.4,0.9102878478804005
0.6499999999999999,0.04,0.02,0.04,0.45,0.5,0.9102813654927571
0.5499999999999999,0.04,0.03,0.02,0.4,0.4,0.9102799204773298
0.7,0.02,0.02,0.08,0.45,0.5,0.9102764007749481
0.6499999999999999,0.02,0.01,0.04,0.5,0.45,0.9102728810725663
0.7,0.04,0.02,0.08,0.45,0.5,0.9102637669808485
0.7,0.06,0.01,0.08,0.45,0.5,0.9102637669808485
0.6499999999999999,0.08,0.03,0.08,0.4,0.4,0.9102362390333218
0.7,0.08,0.01,0.08,0.45,0.4,0.9102339786739941
0.6499999999999999,0.04,0.02,0.06,0.4,0.5,0.9102300149724587
0.5999999999999999,0.06,0.02,0.06,0.4,0.4,0.9102250502546496
0.7,0.08,0.03,0.08,0.45,0.4,0.9102192701929402
0.7,0.08,0.03,0.08,0.4,0.5,0.9102088967581684
0.6499999999999999,0.08,0.03,0.06,0.45,0.4,0.9102074517427411
0.6499999999999999,0.06,0.02,0.06,0.45,0.45,0.9102033023688323
0.6499999999999999,0.06,0.01,0.06,0.4,0.5,0.9101927432616872
0.6499999999999999,0.06,0.03,0.08,0.4,0.4,0.9101743294058782
0.7,0.02,0.02,0.06,0.5,0.5,0.9101625109556791
0.7,0.04,0.03,0.08,0.4,0.5,0.9101561012224427
0.7,0.08,0.02,0.08,0.4,0.5,0.9101505068331066
0.7,0.06,0.03,0.08,0.4,0.5,0.9101469871307248
0.7,0.06,0.03,0.06,0.5,0.45,0.9101202745270985
0.7,0.08,0.02,0.08,0.45,0.4,0.9101200888547252
0.6499999999999999,0.02,0.01,0.02,0.5,0.5,0.9101146801377624
0.6499999999999999,0.06,0.01,0.04,0.45,0.5,0.9101090857484264
0.7,0.02,0.03,0.08,0.45,0.5,0.9100809281293727
0.5499999999999999,0.02,0.01,0.04,0.4,0.4,0.9100809281293727
0.7,0.04,0.03,0.08,0.45,0.4,0.9100476201201364
0.7,0.08,0.03,0.04,0.5,0.5,0.9100204635173565
0.7,0.08,0.01,0.08,0.45,0.5,0.9099937509137301
0.6499999999999999,0.06,0.03,0.04,0.5,0.4,0.9099873411804936
0.6499999999999999,0.02,0.02,0.08,0.4,0.45,0.909983821478112
0.7,0.04,0.01,0.06,0.5,0.5,0.9099831918065849
0.6499999999999999,0.04,0.01,0.08,0.4,0.45,0.9099803017757302
0.7,0.08,0.02,0.06,0.5,0.45,0.9099747073863942
0.7,0.02,0.01,0.08,0.5,0.4,0.9099654076223029
0.5999999999999999,0.06,0.02,0.02,0.45,0.45,0.9099599989053403
0.6499999999999999,0.04,0.03,0.06,0.45,0.45,0.9099494397981951
0.5499999999999999,0.08,0.02,0.02,0.4,0.4,0.9099459200958134
0.6499999999999999,0.04,0.01,0.04,0.5,0.45,0.9099318412862865
0.6499999999999999,0.02,0.02,0.08,0.45,0.4,0.9099289512554318
0.5999999999999999,0.02,0.01,0.02,0.5,0.4,0.9099233568660957
0.7,0.08,0.01,0.04,0.4,0.4,0.9099163901157392
0.6499999999999999,0.02,0.02,0.02,0.5,0.5,0.9099156877898054
0.5999999999999999,0.06,0.01,0.04,0.45,0.4,0.9099107230719963
0.5499999999999999,0.06,0.03,0.02,0.4,0.4,0.9099086483850418
0.6499999999999999,0.02,0.03,0.06,0.4,0.5,0.9099016089802785
0.5999999999999999,0.02,0.01,0.04,0.4,0.5,0.909893939903988
0.6499999999999999,0.06,0.01,0.08,0.4,0.45,0.9098931245600876
0.5999999999999999,0.08,0.01,0.02,0.4,0.5,0.9098869004992245
0.6499999999999999,0.04,0.01,0.02,0.5,0.5,0.9098819357814155
0.7,0.06,0.02,0.08,0.45,0.5,0.9098819357814155
0.6499999999999999,0.08,0.03,0.02,0.45,0.5,0.9098784160790337
0.5999999999999999,0.06,0.01,0.02,0.45,0.45,0.9098678569718887
0.7,0.08,0.03,0.02,0.4,0.4,0.9098671142823953
0.5999999999999999,0.02,0.03,0.02,0.45,0.45,0.909864337269507
0.7,0.06,0.03,0.08,0.45,0.5,0.9098622625825525
0.5999999999999999,0.04,0.03,0.02,0.4,0.5,0.9098531484908348
0.6499999999999999,0.08,0.02,0.04,0.5,0.4,0.909845293742171
0.6499999999999999,0.08,0.02,0.08,0.4,0.4,0.9098424037113162
0.5999999999999999,0.04,0.02,0.02,0.45,0.45,0.9098305852611172
0.5999999999999999,0.08,0.01,0.04,0.45,0.4,0.9098270655587354
0.5999999999999999,0.04,0.01,0.06,0.4,0.45,0.909824990871781
0.5499999999999999,0.04,0.01,0.04,0.4,0.4,0.909814431764636
0.7,0.04,0.01,0.08,0.5,0.4,0.9098072066874991
0.5999999999999999,0.08,0.02,0.04,0.4,0.45,0.9097877191610095
0.5999999999999999,0.06,0.02,0.02,0.4,0.5,0.9097786050692918
0.6499999999999999,0.06,0.02,0.08,0.4,0.4,0.9097734546791093
0.6499999999999999,0.02,0.02,0.04,0.5,0.45,0.9097525221371924
0.6499999999999999,0.02,0.01,0.08,0.45,0.4,0.9097481870909103
0.7,0.04,0.03,0.08,0.45,0.5,0.9097328489383294
0.7,0.04,0.01,0.06,0.4,0.4,0.909731476577309
0.6499999999999999,0.08,0.01,0.08,0.4,0.45,0.9097314039229021
0.6499999999999999,0.02,0.01,0.06,0.5,0.4,0.909726439205093
0.6499999999999999,0.08,0.02,0.08,0.4,0.45,0.9097222898311843
0.6499999999999999,0.04,0.02,0.08,0.4,0.45,0.9097102857086117
0.6499999999999999,0.02,0.03,0.04,0.45,0.5,0.9097026166323213
0.7,0.06,0.02,0.04,0.4,0.4,0.9096927598511102
0.7,0.06,0.03,0.08,0.45,0.4,0.9096869071349938
0.7,0.08,0.02,0.08,0.45,0.5,0.9096829434334583
0.6499999999999999,0.06,0.02,0.06,0.4,0.5,0.9096794237310766
0.6499999999999999,0.04,0.03,0.04,0.5,0.45,0.9096794237310766
0.5999999999999999,0.06,0.02,0.04,0.45,0.4,0.9096779787156493
0.5999999999999999,0.08,0.01,0.02,0.45,0.45,0.9096723843263133
0.6499999999999999,0.04,0.03,0.04,0.5,0.4,0.9096448563787864
0.6499999999999999,0.04,0.01,0.08,0.45,0.4,0.9096378169740231
0.7,0.04,0.02,0.06,0.4,0.4,0.9096351852699487
0.7,0.04,0.01,0.08,0.4,0.4,0.90963103589604
0.5999999999999999,0.02,0.02,0.06,0.4,0.45,0.9096119197142971
0.6499999999999999,0.04,0.03,0.06,0.4,0.5,0.9096013606071518
0.7,0.02,0.03,0.06,0.5,0.5,0.9095978409047701
0.6499999999999999,0.04,0.03,0.08,0.4,0.4,0.9095906158276335
0.6499999999999999,0.06,0.02,0.08,0.4,0.45,0.909582317079816
0.5999999999999999,0.04,0.02,0.04,0.45,0.4,0.909582317079816
0.5499999999999999,0.02,0.01,0.02,0.4,0.45,0.9095816874082889
0.7,0.02,0.02,0.08,0.5,0.4,0.909553344116862
0.7,0.04,0.03,0.04,0.4,0.4,0.909543673008024
0.6499999999999999,0.08,0.03,0.04,0.5,0.4,0.9095415256666627
0.6499999999999999,0.08,0.01,0.04,0.5,0.45,0.9095338565903723
0.7,0.02,0.01,0.08,0.5,0.45,0.9095239271547542
0.5999999999999999,0.04,0.01,0.02,0.5,0.4,0.9095148130630364
0.6499999999999999,0.02,0.01,0.08,0.4,0.5,0.9094895454748373
0.7,0.08,0.03,0.06,0.5,0.45,0.9094845807570282
0.5999999999999999,0.02,0.03,0.04,0.45,0.4,0.9094705019475013
0.5999999999999999,0.04,0.03,0.04,0.45,0.4,0.9094613878557836
0.7,0.02,0.03,0.06,0.4,0.4,0.909448826716091
0.6499999999999999,0.06,0.03,0.06,0.45,0.45,0.9094255611604394
0.5499999999999999,0.08,0.03,0.02,0.4,0.4,0.9094220414580577
0.6499999999999999,0.06,0.03,0.08,0.4,0.45,0.9094205964426303
0.5499999999999999,0.02,0.01,0.02,0.45,0.4,0.9094150020532943
0.7,0.02,0.02,0.08,0.5,0.45,0.9093924388235766
0.6499999999999999,0.02,0.03,0.02,0.5,0.5,0.9093918091520496
0.7,0.06,0.01,0.06,0.5,0.5,0.9093847697472861
0.6499999999999999,0.08,0.01,0.06,0.4,0.5,0.9093847697472861
0.6499999999999999,0.02,0.03,0.04,0.5,0.45,0.9093706909377594
0.5999999999999999,0.06,0.03,0.02,0.45,0.45,0.909368616250805
0.7,0.08,0.01,0.06,0.5,0.5,0.9093650965484232
0.6499999999999999,0.04,0.03,0.08,0.4,0.45,0.9093622065175686
0.6499999999999999,0.06,0.02,0.04,0.5,0.45,0.9093510177388964
0.7,0.04,0.02,0.06,0.5,0.5,0.9093474980365146
0.6499999999999999,0.02,0.03,0.08,0.4,0.45,0.90934460800566
0.5999999999999999,0.04,0.03,0.02,0.45,0.45,0.9093404586317513
0.5999999999999999,0.06,0.03,0.04,0.45,0.4,0.9093369389293695
0.6499999999999999,0.04,0.02,0.08,0.45,0.4,0.9093340488985148
0.6499999999999999,0.06,0.01,0.08,0.45,0.4,0.9093340488985148
0.5999999999999999,0.08,0.03,0.06,0.4,0.4,0.9093031869209797
0.5999999999999999,0.08,0.03,0.04,0.45,0.4,0.9092870334244985
0.5499999999999999,0.02,0.02,0.04,0.4,0.4,0.9092694349125898
0.6499999999999999,0.06,0.03,0.06,0.4,0.5,0.9092638405232538
0.7,0.04,0.03,0.06,0.5,0.5,0.9092568011184904
0.7,0.04,0.02,0.08,0.5,0.4,0.9092530957437353
0.5999999999999999,0.06,0.03,0.04,0.4,0.45,0.9092427223089635
0.7,0.02,0.01,0.08,0.4,0.4,0.9092196020621258
0.7,0.02,0.02,0.06,0.4,0.4,0.9092167120312711
0.6499999999999999,0.06,0.03,0.04,0.5,0.45,0.9091892971017108
0.6499999999999999,0.04,0.02,0.04,0.5,0.45,0.9091843323839017
0.7,0.06,0.02,0.06,0.5,0.5,0.9091822576969473
0.7,0.06,0.01,0.08,0.5,0.4,0.909182072024574
0.7,0.02,0.03,0.08,0.5,0.4,0.909182072024574
0.6499999999999999,0.06,0.01,0.02,0.5,0.5,0.9091787379945656
0.6499999999999999,0.04,0.02,0.02,0.5,0.5,0.909175218292184
0.5499999999999999,0.04,0.01,0.02,0.4,0.45,0.9091731436052295
0.6499999999999999,0.02,0.03,0.08,0.45,0.4,0.9091512100470389
0.6499999999999999,0.04,0.03,0.04,0.45,0.5,0.9091485056885575
0.7,0.04,0.01,0.08,0.5,0.45,0.9091385762529394
0.6499999999999999,0.08,0.01,0.08,0.45,0.4,0.9091385762529394
0.6499999999999999,0.04,0.03,0.08,0.45,0.4,0.9091350565505576
0.6499999999999999,0.08,0.03,0.08,0.4,0.45,0.9091238677718856
0.6499999999999999,0.08,0.02,0.06,0.4,0.5,0.9091217930849311
0.6499999999999999,0.06,0.01,0.04,0.5,0.45,0.9091133086647403
0.5999999999999999,0.02,0.02,0.02,0.5,0.4,0.9090816313433049
0.6499999999999999,0.04,0.01,0.08,0.4,0.5,0.9090704425646328
0.5999999999999999,0.02,0.01,0.04,0.45,0.45,0.909066922862251
0.6499999999999999,0.06,0.02,0.08,0.45,0.4,0.9090302808230065
0.6499999999999999,0.06,0.01,0.06,0.5,0.4,0.9090141273265253
0.5999999999999999,0.08,0.02,0.04,0.45,0.4,0.9090120526395709
0.6499999999999999,0.08,0.02,0.06,0.45,0.45,0.908992379440708
0.6499999999999999,0.06,0.02,0.04,0.45,0.5,0.908972706241845
0.5999999999999999,0.08,0.02,0.02,0.45,0.45,0.9089691865394633
0.5499999999999999,0.02,0.03,0.04,0.4,0.4,0.9089691865394633
0.5499999999999999,0.04,0.02,0.04,0.4,0.4,0.9089691865394633
0.5999999999999999,0.02,0.01,0.08,0.4,0.4,0.9089557374014635
0.7,0.08,0.01,0.08,0.5,0.4,0.9089528473706088
0.5499999999999999,0.06,0.01,0.04,0.4,0.4,0.9089354345310735
0.5499999999999999,0.02,0.02,0.02,0.4,0.45,0.9089192810345923
0.7,0.06,0.02,0.08,0.5,0.4,0.9089190953622189
0.5999999999999999,0.04,0.01,0.04,0.4,0.5,0.9089066472404927
0.7,0.04,0.03,0.08,0.5,0.4,0.9088783039490658
0.6499999999999999,0.04,0.01,0.06,0.5,0.4,0.9088404025667671
0.7,0.02,0.01,0.06,0.4,0.4,0.9088284710986017
0.5999999999999999,0.08,0.02,0.02,0.4,0.5,0.9087913124057965
0.6499999999999999,0.02,0.01,0.08,0.45,0.45,0.9087778632677966
0.7,0.08,0.02,0.08,0.5,0.4,0.908760894427415
0.7,0.02,0.03,0.08,0.5,0.45,0.9087602647558881
0.6499999999999999,0.08,0.02,0.04,0.5,0.45,0.9087525956795977
0.7,0.06,0.03,0.02,0.4,0.4,0.9087243250425775
0.7,0.04,0.02,0.08,0.5,0.45,0.9087229930451165
0.5999999999999999,0.04,0.01,0.08,0.4,0.4,0.9087229930451165
0.7,0.08,0.02,0.02,0.4,0.4,0.9087172856378141
0.7,0.06,0.02,0.08,0.5,0.45,0.908699800143872
0.6499999999999999,0.04,0.03,0.02,0.5,0.5,0.9086921310675814
0.5999999999999999,0.04,0.01,0.06,0.45,0.4,0.9086906860521541
0.5999999999999999,0.02,0.02,0.06,0.45,0.4,0.9086836466473907
0.6499999999999999,0.08,0.03,0.06,0.45,0.45,0.9086780522580545
0.5999999999999999,0.02,0.01,0.02,0.45,0.5,0.9086759775711002
0.6499999999999999,0.02,0.02,0.06,0.5,0.4,0.9086610834176729
0.5999999999999999,0.02,0.01,0.06,0.45,0.4,0.9086252567223289
0.7,0.04,0.03,0.08,0.5,0.45,0.9086252567223289
0.6499999999999999,0.08,0.01,0.02,0.5,0.5,0.9086175876460383
0.7,0.08,0.02,0.06,0.5,0.5,0.9086175876460383
0.7,0.06,0.01,0.04,0.4,0.4,0.9086139549256902
0.5999999999999999,0.06,0.01,0.08,0.4,0.4,0.9086020638210841
0.5999999999999999,0.06,0.01,0.02,0.5,0.4,0.9085950244163208
0.6499999999999999,0.02,0.03,0.08,0.4,0.5,0.9085908750424121
0.6499999999999999,0.06,0.02,0.02,0.5,0.5,0.9085838356376486
0.7,0.06,0.01,0.08,0.5,0.45,0.9085809456067939
0.6499999999999999,0.08,0.01,0.06,0.5,0.4,0.9085577527055492
0.5999999999999999,0.02,0.02,0.04,0.45,0.45,0.9085500836292588
0.5999999999999999,0.02,0.02,0.08,0.4,0.4,0.9085401541936406
0.5499999999999999,0.04,0.01,0.02,0.45,0.4,0.9085289654149684
0.6499999999999999,0.04,0.02,0.08,0.4,0.5,0.908516331620869
0.7,0.04,0.02,0.04,0.4,0.4,0.9085091791981391
0.6499999999999999,0.04,0.02,0.06,0.5,0.4,0.9085028824828691
0.6499999999999999,0.02,0.02,0.08,0.4,0.5,0.9084916937041969
0.5999999999999999,0.02,0.03,0.02,0.5,0.4,0.9084832092840062
0.6499999999999999,0.08,0.01,0.04,0.45,0.5,0.9084685008029523
0.7,0.08,0.03,0.08,0.5,0.4,0.9084641657566702
0.5999999999999999,0.06,0.03,0.02,0.4,0.5,0.9084629064136163
0.5499999999999999,0.02,0.02,0.02,0.45,0.4,0.9084579416958072
0.5499999999999999,0.02,0.03,0.02,0.4,0.45,0.9084326741076081
0.7,0.06,0.03,0.08,0.5,0.4,0.9084289687328531
0.6499999999999999,0.02,0.01,0.06,0.45,0.5,0.908427709389799
0.7,0.02,0.01,0.08,0.5,0.5,0.9084241896874173
0.6499999999999999,0.08,0.03,0.06,0.4,0.5,0.9084185952980812
0.7,0.08,0.01,0.08,0.5,0.45,0.9084121855648448
0.5999999999999999,0.04,0.01,0.04,0.45,0.45,0.9084080361909361
0.6499999999999999,0.04,0.01,0.08,0.45,0.45,0.908403071473127
0.5999999999999999,0.06,0.01,0.06,0.4,0.45,0.9083974770837909
0.7,0.02,0.03,0.04,0.4,0.4,0.9083973640658245
0.5999999999999999,0.04,0.03,0.02,0.5,0.4,0.9083960320683636
0.5999999999999999,0.06,0.01,0.06,0.45,0.4,0.9083904376790275
0.5499999999999999,0.06,0.02,0.04,0.4,0.4,0.9083813235873097
0.5999999999999999,0.08,0.03,0.04,0.4,0.45,0.9083672447777829
0.7,0.08,0.03,0.08,0.45,0.5,0.9083637250754011
0.5999999999999999,0.06,0.01,0.04,0.4,0.5,0.908352536296729
0.5999999999999999,0.02,0.02,0.04,0.4,0.5,0.9083278983800569
0.5999999999999999,0.02,0.03,0.06,0.4,0.45,0.9083264533646296
0.5999999999999999,0.06,0.02,0.02,0.5,0.4,0.9083250083492023
0.5999999999999999,0.08,0.01,0.02,0.5,0.4,0.9083250083492023
0.5499999999999999,0.04,0.02,0.02,0.4,0.45,0.9083208589752936
0.6499999999999999,0.06,0.03,0.02,0.5,0.5,0.90831381957053
0.5999999999999999,0.04,0.02,0.08,0.4,0.4,0.9083074098372936
0.5999999999999999,0.08,0.03,0.02,0.45,0.45,0.9083067801657667
0.6499999999999999,0.04,0.03,0.06,0.5,0.4,0.908303890134912
0.5999999999999999,0.04,0.02,0.02,0.5,0.4,0.908303890134912
0.6499999999999999,0.02,0.02,0.08,0.45,0.45,0.9082947760431942
0.5999999999999999,0.02,0.01,0.02,0.5,0.45,0.9082519099430866
0.7,0.08,0.01,0.02,0.4,0.4,0.9082509815812199
0.5499999999999999,0.08,0.01,0.04,0.4,0.4,0.908239276148987
0.5499999999999999,0.06,0.01,0.02,0.4,0.45,0.9082160832477424
0.6499999999999999,0.06,0.02,0.06,0.5,0.4,0.9081991144073609
0.6499999999999999,0.06,0.01,0.08,0.4,0.5,0.9081879256286887
0.6499999999999999,0.02,0.01,0.06,0.5,0.45,0.9081632877120167
0.5999999999999999,0.08,0.03,0.02,0.4,0.5,0.9081626580404896
0.5999999999999999,0.04,0.02,0.06,0.4,0.45,0.9081436145131537
0.7,0.08,0.02,0.08,0.5,0.45,0.9081421694977263
0.5999999999999999,0.08,0.02,0.02,0.5,0.4,0.9081330554060085
0.6499999999999999,0.06,0.03,0.04,0.45,0.5,0.9081274610166725
0.6499999999999999,0.02,0.03,0.06,0.5,0.4,0.9081034527715275
0.6499999999999999,0.08,0.03,0.08,0.45,0.4,0.9080872992750463
0.7,0.06,0.03,0.06,0.5,0.5,0.9080761104963742
0.5999999999999999,0.02,0.02,0.02,0.45,0.5,0.9080740358094197
0.6499999999999999,0.08,0.02,0.08,0.45,0.4,0.908066181060756
0.6499999999999999,0.06,0.02,0.08,0.4,0.5,0.9080634767022746
0.6499999999999999,0.06,0.03,0.08,0.45,0.4,0.9080324290523661
0.6499999999999999,0.08,0.02,0.06,0.5,0.4,0.9080303543654118
0.6499999999999999,0.08,0.02,0.02,0.5,0.5,0.9079854135783498
0.7,0.04,0.01,0.04,0.4,0.4,0.9079683317200018
0.6499999999999999,0.08,0.01,0.08,0.4,0.5,0.90795166156996
0.5999999999999999,0.02,0.03,0.08,0.4,0.4,0.9079452518367236
0.6499999999999999,0.08,0.02,0.04,0.45,0.5,0.9079446221651966
0.7,0.02,0.02,0.04,0.4,0.4,0.9078973080008406
0.5999999999999999,0.08,0.01,0.04,0.4,0.5,0.9078961616757529
0.5999999999999999,0.04,0.01,0.02,0.45,0.5,0.9078947166603255
0.6499999999999999,0.06,0.03,0.06,0.5,0.4,0.9078847872247074
0.5999999999999999,0.04,0.02,0.04,0.4,0.5,0.9078785631638444
0.5499999999999999,0.04,0.03,0.02,0.4,0.45,0.9078750434614626
0.5999999999999999,0.06,0.02,0.04,0.4,0.5,0.9078624096673631
0.6499999999999999,0.04,0.03,0.08,0.4,0.5,0.9078468858424089
0.5499999999999999,0.04,0.03,0.04,0.4,0.4,0.9078363267352638
0.6499999999999999,0.08,0.03,0.04,0.5,0.45,0.907832807032882
0.5999999999999999,0.06,0.02,0.08,0.4,0.4,0.9078243226126912
0.7,0.06,0.03,0.08,0.5,0.45,0.9078137635055461
0.6499999999999999,0.04,0.01,0.08,0.5,0.4,0.9078067241007827
0.5999999999999999,0.02,0.03,0.04,0.4,0.5,0.9078040197423013
0.6499999999999999,0.02,0.01,0.04,0.5,0.5,0.9078025747268739
0.7,0.04,0.01,0.08,0.5,0.5,0.9077849762149653
0.5999999999999999,0.06,0.03,0.02,0.5,0.4,0.9077708974054385
0.5999999999999999,0.02,0.03,0.04,0.45,0.45,0.9077688227184841
0.5499999999999999,0.02,0.01,0.06,0.4,0.4,0.9077617833137207
0.6499999999999999,0.04,0.01,0.06,0.45,0.5,0.907758263611339
0.7,0.06,0.02,0.02,0.4,0.4,0.907746776142327
0.6499999999999999,0.06,0.01,0.08,0.5,0.4,0.9077195468851401
0.5999999999999999,0.04,0.02,0.04,0.45,0.45,0.9077048384040862
0.7,0.08,0.03,0.08,0.5,0.45,0.9076928342815137
0.6499999999999999,0.08,0.01,0.08,0.45,0.45,0.9076872398921776
0.5999999999999999,0.02,0.01,0.04,0.5,0.4,0.9076857948767503
0.6499999999999999,0.08,0.03,0.04,0.45,0.5,0.9076816455028416
0.5999999999999999,0.08,0.02,0.08,0.4,0.4,0.9076766807850325
0.6499999999999999,0.04,0.01,0.06,0.5,0.45,0.9076766807850325
0.7,0.08,0.03,0.06,0.5,0.5,0.9076605272885512
0.6499999999999999,0.04,0.02,0.08,0.5,0.4,0.9076485231659788
0.7,0.02,0.02,0.08,0.5,0.5,0.907639409074261
0.6499999999999999,0.02,0.02,0.06,0.5,0.45,0.907639409074261
0.6499999999999999,0.04,0.02,0.08,0.45,0.45,0.9076288499671159
0.6499999999999999,0.02,0.03,0.08,0.45,0.45,0.9076218105623524
0.5499999999999999,0.06,0.02,0.02,0.4,0.45,0.9076211808908253
0.6499999999999999,0.02,0.01,0.08,0.5,0.4,0.9076098064397798
0.5999999999999999,0.04,0.03,0.08,0.4,0.4,0.9076077317528255
0.5999999999999999,0.04,0.02,0.06,0.45,0.4,0.9075915782563443
0.7,0.06,0.01,0.08,0.5,0.5,0.9075824641646264
0.6499999999999999,0.08,0.03,0.02,0.5,0.5,0.9075768697752904
0.5999999999999999,0.04,0.03,0.04,0.4,0.5,0.907574795088336
0.5999999999999999,0.08,0.01,0.08,0.4,0.4,0.9075739797444357
0.5999999999999999,0.06,0.01,0.04,0.45,0.45,0.9075627909657635
0.6499999999999999,0.02,0.02,0.08,0.5,0.4,0.9075528615301454
0.6499999999999999,0.04,0.03,0.08,0.45,0.45,0.9075346333467098
0.6499999999999999,0.06,0.01,0.08,0.45,0.45,0.9075240742395647
0.6499999999999999,0.02,0.03,0.08,0.5,0.4,0.9075029560252743
0.5999999999999999,0.06,0.03,0.08,0.4,0.4,0.9074868025287931
0.7,0.04,0.02,0.08,0.5,0.5,0.9074741687346937
0.6499999999999999,0.06,0.02,0.08,0.45,0.45,0.9074671293299301
0.5999999999999999,0.08,0.03,0.08,0.4,0.4,0.907406664717914
0.5999999999999999,0.06,0.02,0.06,0.4,0.45,0.907406664717914
0.5499999999999999,0.08,0.01,0.02,0.4,0.45,0.907401070328578
0.6499999999999999,0.08,0.02,0.08,0.45,0.45,0.9073764324119059
0.5999999999999999,0.02,0.03,0.02,0.45,0.5,0.9073708380225698
0.5499999999999999,0.08,0.02,0.04,0.4,0.4,0.9073567592130429
0.5999999999999999,0.02,0.01,0.06,0.4,0.5,0.9073546845260887
0.6499999999999999,0.02,0.02,0.04,0.5,0.5,0.9073462001058978
0.7,0.04,0.03,0.02,0.4,0.4,0.9073438267286038
0.5999999999999999,0.06,0.03,0.04,0.4,0.5,0.9073385310296074
0.5999999999999999,0.06,0.01,0.02,0.45,0.5,0.9073335663117983
0.5999999999999999,0.02,0.01,0.08,0.4,0.45,0.9073286015939892
0.5999999999999999,0.04,0.03,0.06,0.45,0.4,0.9073180424868441
0.5999999999999999,0.04,0.03,0.06,0.4,0.45,0.9072983692879812
0.49999999999999994,0.02,0.01,0.02,0.4,0.4,0.9072892551962634
0.5999999999999999,0.02,0.03,0.06,0.45,0.4,0.9072596525617822
0.6499999999999999,0.04,0.01,0.04,0.5,0.5,0.9072414243783467
0.6499999999999999,0.02,0.03,0.06,0.5,0.45,0.9072238258664381
0.5999999999999999,0.04,0.03,0.04,0.45,0.45,0.9072111920723386
0.5999999999999999,0.08,0.02,0.04,0.4,0.5,0.907192963888903
0.5999999999999999,0.04,0.02,0.02,0.45,0.5,0.9071879991710939
0.5499999999999999,0.06,0.01,0.02,0.45,0.4,0.9071795147509032
0.5999999999999999,0.08,0.01,0.02,0.45,0.5,0.907178885079376
0.7,0.08,0.01,0.08,0.5,0.5,0.9071633612544219
0.5999999999999999,0.04,0.01,0.06,0.4,0.5,0.9071486527733681
0.7,0.02,0.03,0.08,0.5,0.5,0.9071457627425134
0.6499999999999999,0.02,0.02,0.06,0.45,0.5,0.9071422430401317
0.5499999999999999,0.06,0.03,0.04,0.4,0.4,0.9071366486507955
0.5999999999999999,0.04,0.01,0.04,0.5,0.4,0.9071316839329864
0.6499999999999999,0.04,0.02,0.06,0.45,0.5,0.9071296092460321
0.6499999999999999,0.04,0.03,0.06,0.45,0.5,0.9071169754519326
0.5999999999999999,0.08,0.01,0.06,0.4,0.45,0.9071155304365053
0.5999999999999999,0.04,0.01,0.02,0.5,0.45,0.9071155304365053
0.5499999999999999,0.08,0.02,0.02,0.4,0.45,0.9071008219554514
0.5999999999999999,0.02,0.02,0.04,0.5,0.4,0.9070979319245966
0.6499999999999999,0.06,0.03,0.08,0.4,0.5,0.9070726643363977
0.5499999999999999,0.04,0.02,0.02,0.45,0.4,0.9070712193209702
0.5999999999999999,0.06,0.02,0.04,0.45,0.45,0.907069144634016
0.6499999999999999,0.04,0.02,0.06,0.5,0.45,0.9070072350065723
0.5999999999999999,0.02,0.02,0.02,0.5,0.45,0.9070072350065723
0.5499999999999999,0.02,0.03,0.02,0.45,0.4,0.9069966758994272
0.5999999999999999,0.08,0.01,0.06,0.45,0.4,0.9069966758994272
0.5499999999999999,0.08,0.01,0.02,0.45,0.4,0.9069910815100912
0.6499999999999999,0.02,0.03,0.06,0.45,0.5,0.906980522402946
0.7,0.06,0.02,0.08,0.5,0.5,0.9069770027005644
0.6499999999999999,0.08,0.01,0.06,0.45,0.5,0.9069678886088466
0.6499999999999999,0.06,0.01,0.06,0.5,0.45,0.9069664435934192
0.6499999999999999,0.04,0.03,0.06,0.5,0.45,0.906950290096938
0.6499999999999999,0.06,0.01,0.04,0.5,0.5,0.9069306168980751
0.5999999999999999,0.06,0.02,0.06,0.45,0.4,0.906925652180266
0.5499999999999999,0.02,0.01,0.04,0.45,0.4,0.9069235774933115
0.5999999999999999,0.02,0.01,0.08,0.45,0.4,0.9069150930731207
0.6499999999999999,0.06,0.01,0.06,0.45,0.5,0.9069130183861664
0.6499999999999999,0.06,0.02,0.08,0.5,0.4,0.906911573370739
0.6499999999999999,0.08,0.01,0.06,0.5,0.45,0.9068792663777766
0.6499999999999999,0.08,0.01,0.08,0.5,0.4,0.9068743016599675
0.6499999999999999,0.08,0.02,0.08,0.4,0.5,0.9068525537741503
0.6499999999999999,0.06,0.02,0.06,0.45,0.5,0.9068258411705239
0.5999999999999999,0.04,0.03,0.02,0.45,0.5,0.9068132073764243
0.5999999999999999,0.02,0.02,0.06,0.4,0.5,0.9067864947727979
0.5999999999999999,0.06,0.02,0.02,0.45,0.5,0.9067759356656528
0.49999999999999994,0.04,0.01,0.02,0.4,0.4,0.9067759356656528
0.7,0.06,0.01,0.02,0.4,0.4,0.9067657075396949
0.5499999999999999,0.02,0.01,0.04,0.4,0.45,0.9067653765585078
0.6499999999999999,0.08,0.03,0.06,0.5,0.4,0.906748407718126
0.5499999999999999,0.06,0.02,0.02,0.45,0.4,0.9067336992370723
0.7,0.04,0.02,0.02,0.4,0.4,0.9067319555313051
0.6499999999999999,0.04,0.02,0.04,0.5,0.5,0.9067105063358276
0.5999999999999999,0.08,0.01,0.04,0.45,0.45,0.9067105063358276
0.5999999999999999,0.06,0.01,0.02,0.5,0.45,0.9067069866334458
0.5999999999999999,0.08,0.03,0.02,0.5,0.4,0.9067055416180185
0.6499999999999999,0.06,0.02,0.06,0.5,0.45,0.9066964275263008
0.7,0.04,0.03,0.08,0.5,0.5,0.9066858684191555
0.6499999999999999,0.06,0.03,0.08,0.45,0.45,0.9066823487167739
0.5499999999999999,0.06,0.03,0.02,0.4,0.45,0.9066641205333382
0.7,0.02,0.01,0.04,0.4,0.4,0.9066623768275712
0.5999999999999999,0.06,0.03,0.02,0.45,0.5,0.9066585261440021
0.5999999999999999,0.06,0.01,0.06,0.4,0.5,0.9066585261440021
0.5999999999999999,0.08,0.02,0.06,0.45,0.4,0.9066521164107657
0.5999999999999999,0.04,0.02,0.02,0.5,0.45,0.9066289235095211
0.5999999999999999,0.08,0.03,0.06,0.4,0.45,0.9066233291201851
0.5999999999999999,0.08,0.02,0.02,0.45,0.5,0.9066212544332306
0.5999999999999999,0.08,0.02,0.06,0.4,0.45,0.9065951715011313
0.5499999999999999,0.08,0.03,0.02,0.4,0.45,0.9065875024248409
0.5499999999999999,0.04,0.01,0.06,0.4,0.4,0.9065810926916044
0.6499999999999999,0.02,0.03,0.04,0.5,0.5,0.9065649391951232
0.5999999999999999,0.04,0.02,0.06,0.4,0.5,0.906553750416451
0.5999999999999999,0.02,0.03,0.06,0.4,0.5,0.906553750416451
0.6499999999999999,0.02,0.01,0.08,0.5,0.45,0.9065473406832145
0.6499999999999999,0.04,0.03,0.08,0.5,0.4,0.9065086239570157
0.5999999999999999,0.06,0.03,0.06,0.45,0.4,0.9065065492700614
0.5999999999999999,0.02,0.03,0.04,0.5,0.4,0.9065030295676797
0.5999999999999999,0.02,0.02,0.08,0.4,0.45,0.9064763169640533
0.7,0.02,0.03,0.02,0.4,0.4,0.9064745732582862
0.5999999999999999,0.04,0.02,0.08,0.4,0.45,0.9064636831699537
0.5499999999999999,0.02,0.02,0.04,0.4,0.45,0.9064616084829994
0.5499999999999999,0.02,0.01,0.02,0.45,0.45,0.9064510493758542
0.6499999999999999,0.02,0.01,0.08,0.45,0.5,0.9064496043604269
0.5999999999999999,0.06,0.03,0.06,0.4,0.45,0.9064460846580452
0.6499999999999999,0.08,0.03,0.08,0.4,0.5,0.9064440099710909
0.5499999999999999,0.04,0.03,0.02,0.45,0.4,0.9064390452532818
0.6499999999999999,0.08,0.02,0.06,0.45,0.5,0.9064067382603194
0.5999999999999999,0.06,0.01,0.08,0.4,0.45,0.9063891397484107
0.5999999999999999,0.06,0.01,0.04,0.5,0.4,0.9063876947329834
0.5999999999999999,0.08,0.02,0.04,0.45,0.45,0.9063659468471661
0.5499999999999999,0.02,0.02,0.06,0.4,0.4,0.9063645018317387
0.6499999999999999,0.08,0.03,0.08,0.45,0.45,0.906341308930494
0.5999999999999999,0.02,0.03,0.02,0.5,0.45,0.9063342695257306
0.5999999999999999,0.04,0.01,0.08,0.4,0.45,0.9063307498233488
0.5499999999999999,0.08,0.03,0.04,0.4,0.4,0.9063251554340128
0.5999999999999999,0.02,0.01,0.06,0.5,0.4,0.9063040372197224
0.6499999999999999,0.06,0.02,0.04,0.5,0.5,0.9062984428303864
0.6499999999999999,0.08,0.01,0.04,0.5,0.5,0.9062984428303864
0.5499999999999999,0.02,0.01,0.02,0.4,0.5,0.9062963681434321
0.6499999999999999,0.06,0.03,0.06,0.45,0.5,0.9062646908219967
0.5999999999999999,0.02,0.03,0.08,0.4,0.45,0.906247092310088
0.5999999999999999,0.04,0.02,0.04,0.5,0.4,0.9062456472946607
0.5999999999999999,0.08,0.03,0.04,0.4,0.5,0.9062359035314158
0.6499999999999999,0.08,0.02,0.06,0.5,0.45,0.9062063008969348
0.6499999999999999,0.04,0.03,0.04,0.5,0.5,0.9061866276980719
0.5999999999999999,0.08,0.01,0.02,0.5,0.45,0.9061831079956901
0.5999999999999999,0.08,0.01,0.08,0.4,0.45,0.9061599150944455
0.5999999999999999,0.06,0.03,0.04,0.45,0.45,0.9061493559873004
0.5499999999999999,0.04,0.01,0.04,0.4,0.45,0.9061402418955825
0.49999999999999994,0.02,0.02,0.02,0.4,0.4,0.906122643383674
0.5999999999999999,0.04,0.01,0.04,0.45,0.5,0.9061205686967196
0.5999999999999999,0.02,0.01,0.04,0.45,0.5,0.9060656984740394
0.5499999999999999,0.02,0.03,0.04,0.4,0.45,0.9060460252751765
0.5999999999999999,0.04,0.02,0.04,0.45,0.5,0.906033391481077
0.6499999999999999,0.08,0.03,0.06,0.45,0.5,0.9060284267632679
0.5999999999999999,0.04,0.03,0.06,0.4,0.5,0.9060263520763137
0.5999999999999999,0.06,0.02,0.04,0.5,0.4,0.9060129029383137
0.5499999999999999,0.04,0.02,0.04,0.4,0.45,0.906008753564405
0.5999999999999999,0.06,0.02,0.02,0.5,0.45,0.9059967494418325
0.7,0.06,0.03,0.08,0.5,0.5,0.9059897100370691
0.5999999999999999,0.04,0.03,0.02,0.5,0.45,0.905959477731061
0.5999999999999999,0.08,0.01,0.06,0.4,0.5,0.9059553283571523
0.6499999999999999,0.08,0.02,0.04,0.5,0.5,0.9059538833417249
0.5999999999999999,0.02,0.01,0.06,0.45,0.45,0.9059418792191525
0.5499999999999999,0.06,0.01,0.04,0.4,0.45,0.9059377298452437
0.5499999999999999,0.04,0.01,0.02,0.4,0.5,0.9059215763487625
0.5999999999999999,0.06,0.01,0.04,0.45,0.5,0.9059215763487625
0.6499999999999999,0.06,0.01,0.08,0.45,0.5,0.9059130919285717
0.5999999999999999,0.04,0.03,0.04,0.5,0.4,0.905904607508381
0.5999999999999999,0.04,0.01,0.08,0.45,0.4,0.9058870089964723
0.5499999999999999,0.08,0.01,0.04,0.4,0.45,0.905884304637991
0.5999999999999999,0.08,0.01,0.04,0.5,0.4,0.9058638160952277
0.6499999999999999,0.06,0.03,0.04,0.5,0.5,0.905845587911792
0.6499999999999999,0.02,0.02,0.08,0.5,0.45,0.9058371034916013
0.5999999999999999,0.02,0.02,0.04,0.45,0.5,0.9058259147129291
0.6499999999999999,0.02,0.02,0.08,0.45,0.5,0.9058174302927384
0.5999999999999999,0.08,0.03,0.04,0.45,0.45,0.9058083162010205
0.5999999999999999,0.02,0.01,0.08,0.4,0.5,0.9058027218116844
0.5499999999999999,0.06,0.02,0.04,0.4,0.45,0.9057795289104398
0.5999999999999999,0.02,0.02,0.08,0.45,0.4,0.9057751938641578
0.5499999999999999,0.08,0.02,0.02,0.45,0.4,0.9057731191772034
0.6499999999999999,0.08,0.02,0.08,0.5,0.4,0.9057344024510046
0.5999999999999999,0.08,0.03,0.06,0.45,0.4,0.9057288080616683
0.5999999999999999,0.06,0.02,0.08,0.4,0.45,0.9057196939699506
0.5999999999999999,0.08,0.02,0.06,0.4,0.5,0.9057190642984236
0.6499999999999999,0.04,0.01,0.08,0.45,0.5,0.9057091348628055
0.5999999999999999,0.08,0.03,0.02,0.45,0.5,0.9056979460841332
0.5999999999999999,0.04,0.01,0.06,0.5,0.4,0.9056683434496522
0.6499999999999999,0.06,0.03,0.08,0.5,0.4,0.9056633787318431
0.6499999999999999,0.02,0.03,0.08,0.45,0.5,0.9056627490603162
0.5499999999999999,0.06,0.03,0.02,0.45,0.4,0.9056310717388807
0.5499999999999999,0.04,0.03,0.04,0.4,0.45,0.9056304420673538
0.5999999999999999,0.06,0.02,0.06,0.4,0.5,0.905626922364972
0.5999999999999999,0.08,0.02,0.02,0.5,0.45,0.9056254773495447
0.7,0.08,0.02,0.08,0.5,0.5,0.9056240323341173
0.5499999999999999,0.02,0.02,0.02,0.4,0.5,0.9056234026625902
0.5999999999999999,0.04,0.02,0.08,0.45,0.4,0.9055867606233458
0.6499999999999999,0.04,0.01,0.08,0.5,0.45,0.9055832409209641
0.6499999999999999,0.08,0.01,0.08,0.45,0.5,0.9055755718446736
0.5999999999999999,0.02,0.03,0.04,0.45,0.5,0.9055629380505741
0.49999999999999994,0.04,0.02,0.02,0.4,0.4,0.9055614930351468
0.5999999999999999,0.06,0.03,0.02,0.5,0.45,0.9055438945232381
0.6499999999999999,0.06,0.02,0.08,0.45,0.5,0.9055383001339021
0.5999999999999999,0.08,0.02,0.04,0.5,0.4,0.9055227763089478
0.5999999999999999,0.02,0.01,0.02,0.5,0.5,0.9054904693159853
0.49999999999999994,0.02,0.03,0.02,0.4,0.4,0.9054869496136038
0.6499999999999999,0.04,0.02,0.08,0.45,0.5,0.9054763905064585
0.5999999999999999,0.02,0.02,0.06,0.5,0.4,0.9054517525897865
0.5499999999999999,0.04,0.01,0.02,0.45,0.45,0.9054194455968241
0.5499999999999999,0.02,0.02,0.02,0.45,0.45,0.9054159258944423
0.5499999999999999,0.02,0.03,0.06,0.4,0.4,0.9054074414742516
0.5499999999999999,0.06,0.01,0.02,0.45,0.45,0.9054068118027245
0.5999999999999999,0.04,0.03,0.04,0.45,0.5,0.905394178008625
0.5499999999999999,0.04,0.02,0.02,0.4,0.5,0.9053906583062433
0.5999999999999999,0.08,0.01,0.04,0.45,0.5,0.905363945702617
0.5999999999999999,0.06,0.01,0.08,0.45,0.4,0.9053631303587166
0.5999999999999999,0.06,0.03,0.06,0.4,0.5,0.9053533865954718
0.49999999999999994,0.06,0.01,0.02,0.4,0.4,0.9053146698692729
0.5499999999999999,0.04,0.02,0.06,0.4,0.4,0.9053026657467005
0.5999999999999999,0.04,0.03,0.08,0.4,0.45,0.9052865122502192
0.5999999999999999,0.02,0.02,0.02,0.5,0.5,0.9052577249596385
0.6499999999999999,0.04,0.03,0.08,0.45,0.5,0.9052471658524933
0.5999999999999999,0.06,0.02,0.04,0.45,0.5,0.9052183785619126
0.7,0.02,0.02,0.02,0.4,0.4,0.9052164491837722
0.5499999999999999,0.06,0.01,0.02,0.4,0.5,0.9052078194547675
0.5499999999999999,0.02,0.03,0.02,0.4,0.5,0.9052078194547675
0.5999999999999999,0.06,0.02,0.08,0.45,0.4,0.9052049294239127
0.5999999999999999,0.02,0.02,0.06,0.45,0.45,0.9051978900191493
0.49999999999999994,0.08,0.01,0.02,0.4,0.4,0.9051902209428588
0.5499999999999999,0.08,0.02,0.04,0.4,0.45,0.9051811068511411
0.6499999999999999,0.02,0.03,0.08,0.5,0.45,0.9051746971179047
0.7,0.04,0.01,0.02,0.4,0.4,0.9051721380682372
0.6499999999999999,0.06,0.01,0.08,0.5,0.45,0.9051711774155229
0.5499999999999999,0.08,0.03,0.02,0.45,0.4,0.9051479845142782
0.5999999999999999,0.02,0.03,0.08,0.45,0.4,0.9051465394988509
0.5999999999999999,0.08,0.01,0.08,0.45,0.4,0.9051339057047514
0.5999999999999999,0.06,0.03,0.08,0.4,0.45,0.905131831017797
0.5499999999999999,0.06,0.01,0.06,0.4,0.4,0.9051233465976063
0.6499999999999999,0.06,0.03,0.06,0.5,0.45,0.9051233465976063
0.5499999999999999,0.08,0.01,0.02,0.4,0.5,0.9051171225367431
0.5499999999999999,0.02,0.03,0.02,0.45,0.45,0.9051121578189341
0.6499999999999999,0.04,0.02,0.08,0.5,0.45,0.9051001536963615
0.6499999999999999,0.08,0.03,0.04,0.5,0.5,0.9050713664057808
0.6499999999999999,0.02,0.02,0.06,0.5,0.5,0.9050467284891088
0.5499999999999999,0.08,0.01,0.02,0.45,0.45,0.9050355397104366
0.5999999999999999,0.04,0.01,0.06,0.45,0.45,0.9050256102748184
0.6499999999999999,0.04,0.01,0.06,0.5,0.5,0.905012976480719
0.5999999999999999,0.04,0.01,0.02,0.5,0.5,0.9050038623890012
0.5999999999999999,0.02,0.01,0.04,0.5,0.45,0.9049953779688105
0.5999999999999999,0.06,0.01,0.02,0.5,0.5,0.9049574765865118
0.5499999999999999,0.02,0.01,0.04,0.4,0.5,0.9049448427924124
0.5499999999999999,0.02,0.01,0.06,0.4,0.45,0.9049363583722216
0.5499999999999999,0.04,0.02,0.02,0.45,0.45,0.9049328386698399
0.5499999999999999,0.06,0.03,0.04,0.4,0.45,0.9048899725697324
0.6499999999999999,0.08,0.03,0.08,0.5,0.4,0.9048856375234502
0.6499999999999999,0.02,0.01,0.06,0.5,0.5,0.9048835628364958
0.5999999999999999,0.06,0.03,0.04,0.5,0.4,0.9048730037293506
0.5499999999999999,0.06,0.02,0.02,0.4,0.5,0.9048667796684876
0.5999999999999999,0.04,0.02,0.02,0.5,0.5,0.9048456614541973
0.5999999999999999,0.04,0.01,0.08,0.4,0.5,0.9048421417518157
0.5499999999999999,0.02,0.02,0.06,0.4,0.45,0.9048154291481892
0.5999999999999999,0.08,0.02,0.08,0.4,0.45,0.9048104644303802
0.5999999999999999,0.04,0.03,0.08,0.45,0.4,0.9048090194149527
0.49999999999999994,0.04,0.03,0.02,0.4,0.4,0.9047872715291354
0.5499999999999999,0.04,0.01,0.06,0.4,0.45,0.9047781574374176
0.5499999999999999,0.04,0.01,0.04,0.45,0.4,0.904775267406563
0.7,0.08,0.03,0.08,0.5,0.5,0.904775267406563
0.5499999999999999,0.02,0.02,0.04,0.45,0.4,0.9047717477041812
0.5999999999999999,0.06,0.03,0.08,0.45,0.4,0.9047591139100818
0.5999999999999999,0.04,0.01,0.06,0.45,0.5,0.9047584842385548
0.5999999999999999,0.02,0.01,0.06,0.45,0.5,0.9047373660242645
0.5999999999999999,0.04,0.02,0.08,0.4,0.5,0.9047176928254015
0.5499999999999999,0.04,0.03,0.06,0.4,0.4,0.9047112830921651
0.49999999999999994,0.06,0.02,0.02,0.4,0.4,0.9046860155039661
0.5499999999999999,0.06,0.01,0.06,0.4,0.45,0.9046572282133853
0.5999999999999999,0.06,0.01,0.06,0.45,0.45,0.9046472987777672
0.6499999999999999,0.08,0.03,0.06,0.5,0.45,0.9046367396706221
0.6499999999999999,0.06,0.02,0.08,0.5,0.45,0.9046135467693774
0.5499999999999999,0.06,0.02,0.06,0.4,0.4,0.9046029876622322
0.5999999999999999,0.08,0.01,0.06,0.45,0.45,0.9045973932728961
0.5999999999999999,0.02,0.03,0.06,0.45,0.45,0.9045692356538424
0.5999999999999999,0.02,0.02,0.08,0.4,0.5,0.9045545271727886
0.5999999999999999,0.04,0.01,0.04,0.5,0.45,0.9045390033478344
0.5999999999999999,0.02,0.03,0.08,0.4,0.5,0.9045348539739256
0.5499999999999999,0.02,0.01,0.08,0.4,0.4,0.9045214048359258
0.5499999999999999,0.04,0.02,0.06,0.4,0.45,0.904511661072681
0.6499999999999999,0.08,0.01,0.08,0.5,0.45,0.9045052513394445
0.5499999999999999,0.04,0.03,0.02,0.4,0.5,0.9045046216679176
0.5999999999999999,0.08,0.02,0.08,0.45,0.4,0.9045017316370628
0.5999999999999999,0.06,0.01,0.08,0.4,0.5,0.9045011019655358
0.5499999999999999,0.08,0.01,0.06,0.4,0.4,0.9044946922322994
0.5499999999999999,0.08,0.02,0.06,0.4,0.4,0.9044820584381998
0.5999999999999999,0.06,0.02,0.08,0.4,0.5,0.9044814287666729
0.5499999999999999,0.08,0.03,0.06,0.4,0.4,0.9044729443464821
0.5999999999999999,0.08,0.03,0.06,0.4,0.5,0.9044708696595277
0.6499999999999999,0.04,0.02,0.06,0.5,0.5,0.9044518261321918
0.5999999999999999,0.08,0.03,0.02,0.5,0.45,0.9044483064298101
0.5999999999999999,0.08,0.02,0.04,0.45,0.5,0.9044335979487562
0.5999999999999999,0.02,0.03,0.02,0.5,0.5,0.9044089600320842
0.5499999999999999,0.08,0.03,0.04,0.4,0.45,0.9044033656427481
0.5999999999999999,0.04,0.02,0.06,0.45,0.45,0.90439343620713
0.6499999999999999,0.06,0.01,0.06,0.5,0.5,0.9043808024130304
0.49999999999999994,0.02,0.01,0.02,0.4,0.45,0.9043625742295949
0.5999999999999999,0.06,0.03,0.04,0.45,0.5,0.9043625742295949
0.5999999999999999,0.06,0.02,0.06,0.45,0.45,0.9043435307022589
0.5499999999999999,0.08,0.02,0.02,0.4,0.5,0.9043393813283502
0.6499999999999999,0.08,0.02,0.08,0.45,0.5,0.9043273772057777
0.6499999999999999,0.06,0.03,0.08,0.45,0.5,0.904323857503396
0.5999999999999999,0.08,0.03,0.08,0.4,0.45,0.904323857503396
0.6499999999999999,0.02,0.01,0.08,0.5,0.5,0.9043203378010143
0.5499999999999999,0.04,0.01,0.04,0.4,0.5,0.9043091490223422
0.5499999999999999,0.06,0.01,0.04,0.45,0.4,0.904285140777197
0.49999999999999994,0.08,0.02,0.02,0.4,0.4,0.904273951998525
0.5499999999999999,0.06,0.02,0.02,0.45,0.45,0.9042704322961432
0.5999999999999999,0.02,0.02,0.06,0.45,0.5,0.9042542787996619
0.5999999999999999,0.08,0.02,0.06,0.45,0.45,0.9042528337842346
0.6499999999999999,0.04,0.03,0.08,0.5,0.45,0.9042513887688073
0.5999999999999999,0.02,0.02,0.04,0.5,0.45,0.9042478690664255
0.6499999999999999,0.02,0.03,0.06,0.5,0.5,0.9042352352723261
0.5499999999999999,0.02,0.02,0.04,0.4,0.5,0.904234605600799
0.5999999999999999,0.04,0.03,0.08,0.4,0.5,0.904224046493654
0.5999999999999999,0.08,0.01,0.08,0.4,0.5,0.9041938141876458
0.5999999999999999,0.06,0.03,0.06,0.45,0.45,0.904185329767455
0.5499999999999999,0.02,0.03,0.06,0.4,0.45,0.9041832550805007
0.5499999999999999,0.04,0.02,0.04,0.45,0.4,0.9041768453472643
0.5999999999999999,0.02,0.03,0.06,0.5,0.4,0.9041627665377374
0.5999999999999999,0.04,0.03,0.06,0.45,0.45,0.904160691850783
0.5999999999999999,0.04,0.02,0.06,0.5,0.4,0.9041254948269659
0.5499999999999999,0.06,0.03,0.06,0.4,0.4,0.9041199004376297
0.49999999999999994,0.02,0.01,0.04,0.4,0.4,0.9041072666435302
0.6499999999999999,0.08,0.01,0.06,0.5,0.5,0.9041072666435302
0.5499999999999999,0.04,0.03,0.02,0.45,0.45,0.9040840737422856
0.5499999999999999,0.02,0.03,0.04,0.45,0.4,0.9040685499173313
0.5999999999999999,0.06,0.01,0.06,0.5,0.4,0.9040579908101862
0.5999999999999999,0.06,0.02,0.02,0.5,0.5,0.9040306485350329
0.5999999999999999,0.08,0.03,0.04,0.5,0.4,0.9040207190994147
0.6499999999999999,0.02,0.02,0.08,0.5,0.5,0.9039757783123528
0.5499999999999999,0.06,0.03,0.02,0.4,0.5,0.9039399516170086
0.6499999999999999,0.06,0.02,0.06,0.5,0.5,0.9039279474944362
0.6499999999999999,0.06,0.01,0.08,0.5,0.5,0.9039223531050999
0.49999999999999994,0.06,0.03,0.02,0.4,0.4,0.9039117939979548
0.5999999999999999,0.08,0.01,0.02,0.5,0.5,0.9038886010967102
0.5499999999999999,0.06,0.01,0.04,0.4,0.5,0.9038865264097558
0.5999999999999999,0.04,0.03,0.02,0.5,0.5,0.9038850813943284
0.5499999999999999,0.08,0.01,0.06,0.4,0.45,0.9038759673026107
0.6499999999999999,0.04,0.01,0.08,0.5,0.5,0.9038639631800381
0.5499999999999999,0.02,0.03,0.08,0.4,0.4,0.9038428449657478
0.6499999999999999,0.08,0.03,0.08,0.45,0.5,0.9038337308740301
0.5499999999999999,0.02,0.01,0.02,0.45,0.5,0.9037979041786859
0.5499999999999999,0.08,0.02,0.02,0.45,0.45,0.903783825369159
0.5499999999999999,0.02,0.03,0.04,0.4,0.5,0.9037817506822047
0.5999999999999999,0.02,0.03,0.08,0.45,0.45,0.9037627071548688
0.5999999999999999,0.04,0.02,0.08,0.45,0.45,0.9037254354440972
0.5499999999999999,0.04,0.02,0.04,0.4,0.5,0.9037107269630433
0.5499999999999999,0.06,0.01,0.08,0.4,0.4,0.9036972778250435
0.5499999999999999,0.02,0.01,0.02,0.5,0.4,0.903685273702471
0.5499999999999999,0.04,0.01,0.02,0.5,0.4,0.9036761596107532
0.6499999999999999,0.04,0.03,0.06,0.5,0.5,0.9036740849237987
0.5499999999999999,0.02,0.02,0.08,0.4,0.4,0.9036726399083714
0.5499999999999999,0.06,0.02,0.06,0.4,0.45,0.9036221047319735
0.49999999999999994,0.02,0.02,0.02,0.4,0.45,0.9036221047319735
0.5999999999999999,0.06,0.01,0.08,0.45,0.45,0.9036171400141644
0.5999999999999999,0.02,0.01,0.08,0.45,0.45,0.903571383883202
0.5999999999999999,0.06,0.02,0.06,0.5,0.4,0.9035643444784387
0.5999999999999999,0.06,0.02,0.08,0.45,0.45,0.90356019510453
0.5999999999999999,0.04,0.01,0.08,0.45,0.45,0.9035552303867209
0.5999999999999999,0.08,0.03,0.08,0.45,0.4,0.9035446712795756
0.5999999999999999,0.08,0.01,0.06,0.5,0.4,0.9035270727676671
0.5499999999999999,0.04,0.01,0.08,0.4,0.4,0.9035235530652854
0.5499999999999999,0.04,0.02,0.08,0.4,0.4,0.9035179586759493
0.49999999999999994,0.04,0.01,0.02,0.4,0.45,0.9035173290044223
0.5999999999999999,0.04,0.03,0.06,0.5,0.4,0.9034898010568956
0.5999999999999999,0.04,0.02,0.06,0.45,0.5,0.9034694981865057
0.6499999999999999,0.04,0.02,0.08,0.5,0.5,0.903451899674597
0.5499999999999999,0.04,0.03,0.06,0.4,0.45,0.9034427855828793
0.6499999999999999,0.06,0.03,0.08,0.5,0.45,0.9034398955520245
0.5999999999999999,0.02,0.03,0.04,0.5,0.45,0.9034398955520245
0.5499999999999999,0.08,0.01,0.04,0.45,0.4,0.9034398955520245
0.6499999999999999,0.08,0.02,0.08,0.5,0.45,0.903402623841253
0.6499999999999999,0.08,0.03,0.06,0.5,0.5,0.9033879153601991
0.5999999999999999,0.08,0.01,0.08,0.45,0.45,0.9033808759554357
0.5999999999999999,0.02,0.02,0.08,0.45,0.45,0.903372391535245
0.5499999999999999,0.02,0.01,0.04,0.45,0.45,0.9033667971459088
0.5999999999999999,0.06,0.01,0.04,0.5,0.45,0.9033618324280998
0.5499999999999999,0.02,0.01,0.06,0.45,0.4,0.9033583127257181
0.5999999999999999,0.08,0.03,0.06,0.45,0.45,0.903333045137519
0.5999999999999999,0.06,0.01,0.06,0.45,0.5,0.903327450748183
0.5999999999999999,0.02,0.03,0.06,0.45,0.5,0.903327450748183
0.49999999999999994,0.06,0.01,0.02,0.4,0.45,0.9033183366564652
0.5499999999999999,0.04,0.01,0.02,0.45,0.5,0.9033112972517017
0.5999999999999999,0.06,0.02,0.06,0.45,0.5,0.9033042578469384
0.5499999999999999,0.04,0.03,0.04,0.45,0.4,0.9032605764029304
0.5499999999999999,0.06,0.02,0.04,0.45,0.4,0.9032605764029304
0.6499999999999999,0.08,0.02,0.06,0.5,0.5,0.9032549820135942
0.5999999999999999,0.08,0.01,0.06,0.45,0.5,0.9032402735325404
0.5499999999999999,0.06,0.03,0.02,0.45,0.45,0.9032388285171131
0.5499999999999999,0.08,0.03,0.02,0.4,0.5,0.9032367538301587
0.6499999999999999,0.02,0.03,0.08,0.5,0.5,0.9032317891123496
0.5999999999999999,0.08,0.03,0.04,0.45,0.5,0.9032261947230136
0.5499999999999999,0.06,0.02,0.08,0.4,0.4,0.903214190600441
0.5499999999999999,0.08,0.01,0.08,0.4,0.4,0.9032106708980593
0.5499999999999999,0.02,0.01,0.06,0.4,0.5,0.9031460569121343
0.5999999999999999,0.04,0.02,0.04,0.5,0.45,0.9031452415682341
0.5999999999999999,0.02,0.01,0.04,0.5,0.5,0.9031234936824167
0.5999999999999999,0.04,0.03,0.06,0.45,0.5,0.9030876669870727
0.49999999999999994,0.02,0.02,0.04,0.4,0.4,0.9030827022692636
0.6499999999999999,0.06,0.03,0.06,0.5,0.5,0.9030756628645
0.5999999999999999,0.08,0.02,0.02,0.5,0.5,0.9030735881775458
0.5499999999999999,0.06,0.01,0.02,0.45,0.5,0.9030715134905913
0.49999999999999994,0.08,0.03,0.02,0.4,0.4,0.903070068475164
0.49999999999999994,0.04,0.01,0.04,0.4,0.4,0.903045430558492
0.5999999999999999,0.02,0.01,0.08,0.45,0.5,0.9030433558715376
0.49999999999999994,0.06,0.01,0.04,0.4,0.4,0.9030222376572474
0.5999999999999999,0.02,0.01,0.08,0.5,0.4,0.9030193476263926
0.5999999999999999,0.02,0.01,0.06,0.5,0.45,0.9030102335346748
0.5499999999999999,0.04,0.01,0.04,0.45,0.45,0.9029849659464758
0.5499999999999999,0.08,0.02,0.06,0.4,0.45,0.9029828912595215
0.5499999999999999,0.04,0.02,0.02,0.5,0.4,0.9029624027167582
0.49999999999999994,0.04,0.02,0.02,0.4,0.45,0.9029526589535134
0.5999999999999999,0.04,0.03,0.08,0.45,0.45,0.9029476942357043
0.5499999999999999,0.02,0.02,0.02,0.45,0.5,0.9029420998463682
0.7,0.02,0.01,0.02,0.4,0.4,0.9029217566124188
0.49999999999999994,0.04,0.02,0.04,0.4,0.4,0.9029209816320779
0.5499999999999999,0.02,0.02,0.02,0.5,0.4,0.9029110521964598
0.5499999999999999,0.08,0.01,0.04,0.4,0.5,0.9028921943414971
0.5999999999999999,0.06,0.03,0.02,0.5,0.5,0.9028907493260698
0.5999999999999999,0.04,0.03,0.04,0.5,0.45,0.9028787452034973
0.5499999999999999,0.04,0.03,0.08,0.4,0.4,0.902852032599871
0.5499999999999999,0.02,0.02,0.04,0.45,0.45,0.9028429185081531
0.5499999999999999,0.04,0.03,0.04,0.4,0.5,0.9028176509199541
0.5499999999999999,0.06,0.03,0.06,0.4,0.45,0.9028035721104273
0.5999999999999999,0.08,0.02,0.08,0.4,0.5,0.9028000524080455
0.5499999999999999,0.02,0.02,0.08,0.4,0.45,0.9027930130032822
0.5999999999999999,0.08,0.02,0.06,0.5,0.4,0.902783083567664
0.5499999999999999,0.04,0.02,0.02,0.45,0.5,0.9027803792091826
0.5499999999999999,0.08,0.02,0.04,0.45,0.4,0.9027739694759462
0.5499999999999999,0.06,0.01,0.02,0.5,0.4,0.9027493315592742
0.5499999999999999,0.06,0.03,0.04,0.45,0.4,0.9027366977651747
0.49999999999999994,0.02,0.03,0.02,0.4,0.45,0.902732548391266
0.5499999999999999,0.04,0.01,0.08,0.4,0.45,0.9027255089865025
0.5499999999999999,0.02,0.01,0.08,0.4,0.45,0.9027043907722122
0.5499999999999999,0.06,0.03,0.08,0.4,0.4,0.902693831665067
0.5499999999999999,0.06,0.02,0.04,0.4,0.5,0.9026756034816315
0.5499999999999999,0.08,0.02,0.08,0.4,0.4,0.9026600796566773
0.5999999999999999,0.08,0.02,0.04,0.5,0.45,0.9026424811447686
0.5499999999999999,0.02,0.03,0.02,0.5,0.4,0.9026410361293413
0.5999999999999999,0.08,0.01,0.04,0.5,0.45,0.9026248826328601
0.6499999999999999,0.06,0.02,0.08,0.5,0.5,0.9025960953422794
0.5999999999999999,0.06,0.02,0.04,0.5,0.45,0.9025911306244703
0.5999999999999999,0.08,0.02,0.06,0.45,0.5,0.9025637883493169
0.49999999999999994,0.02,0.03,0.04,0.4,0.4,0.9025623433338896
0.5499999999999999,0.02,0.03,0.04,0.45,0.45,0.9025461898374083
0.5999999999999999,0.06,0.03,0.08,0.4,0.5,0.9025089181266368
0.6499999999999999,0.08,0.01,0.08,0.5,0.5,0.9024913196147282
0.5999999999999999,0.04,0.01,0.08,0.45,0.5,0.9024822055230104
0.49999999999999994,0.02,0.01,0.06,0.4,0.4,0.9024681267134835
0.5999999999999999,0.02,0.02,0.08,0.5,0.4,0.9024581972778654
0.5999999999999999,0.02,0.02,0.08,0.45,0.5,0.9024449338122389
0.5999999999999999,0.04,0.01,0.08,0.5,0.4,0.9024209255670939
0.5499999999999999,0.08,0.02,0.04,0.4,0.5,0.9024020677121314
0.5999999999999999,0.02,0.02,0.04,0.5,0.5,0.9023900635895588
0.5999999999999999,0.06,0.03,0.06,0.5,0.4,0.9023463821455509
0.5499999999999999,0.02,0.03,0.02,0.45,0.5,0.9023436777870695
0.5499999999999999,0.04,0.01,0.06,0.45,0.4,0.9023231892443062
0.5499999999999999,0.08,0.03,0.02,0.45,0.45,0.9022852878620077
0.5499999999999999,0.04,0.02,0.04,0.45,0.45,0.9022142641428463
0.49999999999999994,0.08,0.01,0.02,0.4,0.45,0.9021784374475021
0.5499999999999999,0.02,0.02,0.06,0.45,0.4,0.9021776221036018
0.49999999999999994,0.02,0.01,0.02,0.45,0.4,0.9021755474166474
0.49999999999999994,0.06,0.02,0.04,0.4,0.4,0.9021502798284484
0.6499999999999999,0.08,0.03,0.08,0.5,0.45,0.9021473897975938
0.5999999999999999,0.02,0.02,0.06,0.5,0.45,0.9021277165987307
0.5499999999999999,0.04,0.03,0.02,0.5,0.4,0.9021171574915856
0.49999999999999994,0.04,0.03,0.04,0.4,0.4,0.9021165278200587
0.5999999999999999,0.04,0.01,0.04,0.5,0.5,0.9020954096057683
0.6499999999999999,0.04,0.03,0.08,0.5,0.5,0.9020918899033866
0.5999999999999999,0.04,0.01,0.06,0.5,0.45,0.9020904448879592
0.5999999999999999,0.04,0.02,0.08,0.5,0.4,0.9020390943676608
0.5999999999999999,0.06,0.03,0.06,0.45,0.5,0.9019850394888811
0.5499999999999999,0.06,0.01,0.08,0.4,0.45,0.9019850394888811
0.5499999999999999,0.06,0.02,0.02,0.5,0.4,0.9019786297556447
0.5499999999999999,0.02,0.01,0.06,0.45,0.45,0.9019674409769725
0.5499999999999999,0.04,0.01,0.06,0.4,0.5,0.9019618465876365
0.49999999999999994,0.06,0.02,0.02,0.4,0.45,0.9019618465876365
0.5499999999999999,0.08,0.01,0.02,0.5,0.4,0.9019413580448732
0.5999999999999999,0.06,0.01,0.08,0.5,0.4,0.9019343186401096
0.5499999999999999,0.04,0.02,0.08,0.4,0.45,0.9019104960673381
0.5499999999999999,0.02,0.03,0.08,0.4,0.45,0.9019069763649563
0.5999999999999999,0.04,0.02,0.04,0.5,0.5,0.9019034566625745
0.5499999999999999,0.02,0.02,0.06,0.4,0.5,0.9018908228684751
0.5499999999999999,0.08,0.03,0.04,0.45,0.4,0.9018879328376204
0.5499999999999999,0.02,0.01,0.02,0.5,0.45,0.9018577005316123
0.6499999999999999,0.08,0.02,0.08,0.5,0.5,0.901855625844658
0.49999999999999994,0.08,0.01,0.04,0.4,0.4,0.901855625844658
0.5999999999999999,0.06,0.03,0.04,0.5,0.45,0.9018506611268489
0.5499999999999999,0.08,0.03,0.06,0.4,0.45,0.9018500314553218
0.5499999999999999,0.06,0.01,0.04,0.45,0.45,0.9018485864398945
0.5999999999999999,0.08,0.03,0.08,0.4,0.5,0.9018394723481767
0.5999999999999999,0.02,0.03,0.08,0.5,0.4,0.9018225035077951
0.5999999999999999,0.02,0.03,0.04,0.5,0.5,0.9017951612326418
0.5499999999999999,0.06,0.03,0.04,0.4,0.5,0.9017825274385423
0.5499999999999999,0.02,0.03,0.06,0.45,0.4,0.9017690783005423
0.5999999999999999,0.08,0.03,0.06,0.5,0.4,0.9017585191933972
0.49999999999999994,0.02,0.01,0.04,0.4,0.45,0.901741736025389
0.5499999999999999,0.02,0.01,0.04,0.5,0.4,0.9017247671850074
0.49999999999999994,0.04,0.01,0.02,0.45,0.4,0.9017191727956714
0.5499999999999999,0.08,0.01,0.04,0.45,0.45,0.9016903855050906
0.5499999999999999,0.04,0.02,0.06,0.45,0.4,0.9016607828706096
0.5999999999999999,0.08,0.02,0.08,0.45,0.45,0.9016587081836551
0.5999999999999999,0.06,0.01,0.04,0.5,0.5,0.9016460743895556
0.5499999999999999,0.08,0.01,0.06,0.45,0.4,0.9016446293741283
0.49999999999999994,0.04,0.03,0.02,0.4,0.45,0.9016369602978378
0.5499999999999999,0.06,0.01,0.06,0.45,0.4,0.9016199914574563
0.5499999999999999,0.08,0.01,0.02,0.45,0.5,0.9015659365786766
0.5999999999999999,0.08,0.01,0.06,0.5,0.45,0.901553932456104
0.5499999999999999,0.04,0.03,0.04,0.45,0.45,0.9015448183643863
0.5499999999999999,0.06,0.02,0.04,0.45,0.45,0.9015448183643863
0.49999999999999994,0.02,0.02,0.02,0.45,0.4,0.9015398536465772
0.5499999999999999,0.04,0.01,0.02,0.5,0.45,0.9015166607453324
0.5999999999999999,0.06,0.01,0.08,0.45,0.5,0.9014808340499882
0.5999999999999999,0.06,0.03,0.08,0.45,0.45,0.9014758693321793
0.5499999999999999,0.06,0.02,0.06,0.45,0.4,0.9014245188118809
0.5499999999999999,0.06,0.03,0.02,0.5,0.4,0.9014209991094991
0.5499999999999999,0.02,0.01,0.08,0.45,0.4,0.9014139597047357
0.5499999999999999,0.06,0.01,0.06,0.4,0.5,0.9014042159414909
0.5999999999999999,0.02,0.03,0.06,0.5,0.45,0.9013872471011093
0.5999999999999999,0.02,0.03,0.08,0.45,0.5,0.9013725386200555
0.5499999999999999,0.08,0.03,0.08,0.4,0.4,0.9013710936046282
0.5999999999999999,0.08,0.03,0.02,0.5,0.5,0.9013549401081469
0.6499999999999999,0.06,0.03,0.08,0.5,0.5,0.9013479007033834
0.5999999999999999,0.04,0.02,0.06,0.5,0.45,0.9013464556879561
0.5999999999999999,0.02,0.01,0.06,0.5,0.5,0.901335266909284
0.5999999999999999,0.08,0.03,0.06,0.45,0.5,0.901315593710421
0.5999999999999999,0.06,0.01,0.06,0.5,0.45,0.9013127036795663
0.49999999999999994,0.02,0.02,0.06,0.4,0.4,0.9012944754961307
0.49999999999999994,0.04,0.01,0.06,0.4,0.4,0.901290955793749
0.5499999999999999,0.04,0.02,0.06,0.4,0.5,0.9012586488007865
0.5999999999999999,0.04,0.02,0.08,0.45,0.5,0.9012304911817328
0.49999999999999994,0.08,0.02,0.04,0.4,0.4,0.9012304911817328
0.5499999999999999,0.02,0.03,0.06,0.4,0.5,0.901221377090015
0.5499999999999999,0.04,0.03,0.06,0.45,0.4,0.9012079279520151
0.5499999999999999,0.08,0.02,0.02,0.5,0.4,0.9012008885472518
0.5999999999999999,0.06,0.02,0.04,0.5,0.5,0.9011932194709613
0.5499999999999999,0.02,0.01,0.04,0.45,0.5,0.9011700265697167
0.5499999999999999,0.06,0.02,0.02,0.45,0.5,0.9011665068673349
0.5499999999999999,0.02,0.02,0.02,0.5,0.45,0.901158022447144
0.5999999999999999,0.02,0.01,0.08,0.5,0.45,0.9011101916292275
0.49999999999999994,0.02,0.01,0.02,0.4,0.5,0.9011095619577004
0.5499999999999999,0.08,0.01,0.08,0.4,0.45,0.9010884437434101
0.5999999999999999,0.06,0.02,0.06,0.5,0.45,0.901083479025601
0.5999999999999999,0.04,0.03,0.04,0.5,0.5,0.9010814043386468
0.5499999999999999,0.08,0.02,0.06,0.45,0.4,0.901053246719593
0.49999999999999994,0.06,0.03,0.04,0.4,0.4,0.9010476523302569
0.49999999999999994,0.04,0.01,0.04,0.4,0.45,0.9010314988337756
0.5499999999999999,0.04,0.03,0.02,0.45,0.5,0.9009907074206225
0.5999999999999999,0.08,0.03,0.08,0.45,0.45,0.9009892624051951
0.5999999999999999,0.04,0.03,0.06,0.5,0.45,0.9009041598765068
0.5999999999999999,0.08,0.01,0.04,0.5,0.5,0.9009020851895525
0.6499999999999999,0.08,0.03,0.08,0.5,0.5,0.9008950457847891
0.49999999999999994,0.06,0.01,0.02,0.45,0.4,0.9008739275704989
0.5999999999999999,0.06,0.02,0.08,0.5,0.4,0.9008619234479263
0.5499999999999999,0.02,0.03,0.02,0.5,0.45,0.9008507346692541
0.49999999999999994,0.02,0.03,0.02,0.45,0.4,0.9008401755621089
0.5499999999999999,0.06,0.03,0.06,0.45,0.4,0.9008366558597273
0.5999999999999999,0.08,0.01,0.08,0.5,0.4,0.9008246517371548
0.5499999999999999,0.08,0.03,0.04,0.4,0.5,0.9007881953702837
0.5499999999999999,0.06,0.01,0.02,0.5,0.45,0.9007459589417031
0.49999999999999994,0.02,0.02,0.04,0.4,0.45,0.9007030928415953
0.5499999999999999,0.04,0.01,0.06,0.45,0.45,0.9006890140320685
0.5999999999999999,0.04,0.03,0.08,0.5,0.4,0.9006418128856788
0.49999999999999994,0.08,0.02,0.02,0.4,0.45,0.9006355888248159
0.5499999999999999,0.04,0.02,0.02,0.5,0.45,0.9006341438093884
0.49999999999999994,0.04,0.02,0.02,0.45,0.4,0.9006235847022432
0.5499999999999999,0.06,0.02,0.08,0.4,0.45,0.900587758006899
0.5499999999999999,0.08,0.02,0.04,0.45,0.45,0.9005842383045173
0.5499999999999999,0.08,0.01,0.06,0.4,0.5,0.900582163617563
0.49999999999999994,0.06,0.03,0.02,0.4,0.45,0.9005645651056544
0.5499999999999999,0.02,0.02,0.04,0.5,0.4,0.9005475962652729
0.5499999999999999,0.02,0.02,0.08,0.45,0.4,0.9005314427687916
0.5999999999999999,0.02,0.02,0.08,0.5,0.45,0.9005152892723104
0.5499999999999999,0.06,0.03,0.04,0.45,0.45,0.900513214585356
0.5499999999999999,0.04,0.01,0.04,0.45,0.5,0.9004935413864931
0.5999999999999999,0.06,0.02,0.08,0.45,0.5,0.9004865019817296
0.5999999999999999,0.08,0.03,0.04,0.5,0.45,0.9004568993472486
0.5999999999999999,0.08,0.01,0.08,0.45,0.5,0.9004492302709581
0.5999999999999999,0.02,0.02,0.06,0.5,0.5,0.9004457105685764
0.5499999999999999,0.04,0.03,0.08,0.4,0.45,0.9004457105685764
0.5499999999999999,0.04,0.01,0.04,0.5,0.4,0.9004357811329583
0.5499999999999999,0.04,0.01,0.08,0.45,0.4,0.9004231473388589
0.5999999999999999,0.08,0.02,0.06,0.5,0.45,0.9004175529495226
0.5999999999999999,0.04,0.01,0.06,0.5,0.5,0.9004084388578049
0.5499999999999999,0.02,0.01,0.08,0.4,0.5,0.9003922853613238
0.5499999999999999,0.04,0.02,0.06,0.45,0.45,0.9003782065517969
0.5999999999999999,0.06,0.03,0.06,0.5,0.45,0.9003465292303614
0.5499999999999999,0.02,0.03,0.06,0.45,0.45,0.9003374151386436
0.5999999999999999,0.04,0.01,0.08,0.5,0.45,0.900295178710063
0.49999999999999994,0.04,0.03,0.02,0.45,0.4,0.9002790252135817
0.5999999999999999,0.04,0.02,0.06,0.5,0.5,0.9002024071050844
0.5499999999999999,0.06,0.01,0.06,0.45,0.45,0.9001953677003209
0.5499999999999999,0.04,0.03,0.06,0.4,0.5,0.9001827339062214
0.5499999999999999,0.06,0.02,0.06,0.4,0.5,0.9001827339062214
0.5499999999999999,0.08,0.02,0.02,0.45,0.5,0.9001721747990763
0.44999999999999996,0.02,0.01,0.02,0.4,0.4,0.9001580959895494
0.49999999999999994,0.02,0.03,0.06,0.4,0.4,0.9001510565847859
0.49999999999999994,0.04,0.01,0.02,0.4,0.5,0.9001489818978317
0.5499999999999999,0.02,0.03,0.04,0.5,0.4,0.9000982610490602
0.5499999999999999,0.02,0.02,0.06,0.45,0.45,0.9000729934608611
0.49999999999999994,0.02,0.02,0.02,0.4,0.5,0.900037166765517
0.49999999999999994,0.06,0.02,0.02,0.45,0.4,0.900032202047708
0.5499999999999999,0.06,0.03,0.02,0.45,0.5,0.9000266076583718
0.5999999999999999,0.02,0.03,0.06,0.5,0.5,0.9000195682536085
0.5999999999999999,0.08,0.03,0.06,0.5,0.45,0.9000054894440817
0.5999999999999999,0.06,0.03,0.04,0.5,0.5,0.8999752571380735
0.5499999999999999,0.04,0.03,0.02,0.5,0.45,0.8999646980309284
0.5499999999999999,0.08,0.03,0.02,0.5,0.4,0.8999562136107375
0.49999999999999994,0.06,0.01,0.06,0.4,0.4,0.8999344657249202
0.5499999999999999,0.06,0.03,0.08,0.4,0.45,0.899918312228439
0.5999999999999999,0.04,0.03,0.08,0.45,0.5,0.899874001112904
0.5999999999999999,0.06,0.03,0.08,0.5,0.4,0.8998675913796677
0.5999999999999999,0.06,0.01,0.06,0.5,0.5,0.8998367294021326
0.5499999999999999,0.02,0.03,0.08,0.45,0.4,0.8998317646843235
0.5499999999999999,0.08,0.03,0.06,0.45,0.4,0.8998120914854606
0.49999999999999994,0.02,0.01,0.02,0.45,0.45,0.8998064970961244
0.49999999999999994,0.06,0.02,0.06,0.4,0.4,0.8998064970961244
0.5499999999999999,0.02,0.02,0.04,0.45,0.5,0.8998029773937428
0.5499999999999999,0.02,0.01,0.02,0.5,0.5,0.8997460324841082
0.5499999999999999,0.06,0.02,0.06,0.45,0.45,0.8997354733769631
0.5499999999999999,0.08,0.02,0.08,0.4,0.45,0.8997319536745814
0.49999999999999994,0.04,0.02,0.06,0.4,0.4,0.8997178748650545
0.5999999999999999,0.08,0.02,0.08,0.5,0.4,0.8997149848341999
0.5499999999999999,0.06,0.02,0.02,0.5,0.45,0.8997108354602911
0.49999999999999994,0.04,0.03,0.06,0.4,0.4,0.8996946819638099
0.49999999999999994,0.02,0.01,0.04,0.45,0.4,0.8996665243447561
0.5499999999999999,0.04,0.02,0.08,0.45,0.4,0.8996489258328475
0.49999999999999994,0.02,0.03,0.04,0.4,0.45,0.899641256756557
0.5999999999999999,0.08,0.02,0.08,0.45,0.5,0.8996342173517937
0.5499999999999999,0.04,0.02,0.04,0.5,0.4,0.8996242879161755
0.5499999999999999,0.04,0.03,0.04,0.5,0.4,0.899611654122076
0.5499999999999999,0.04,0.01,0.08,0.4,0.5,0.8996039850457855
0.49999999999999994,0.04,0.02,0.04,0.4,0.45,0.8996004653434039
0.5499999999999999,0.06,0.01,0.04,0.5,0.4,0.899587016205404
0.5999999999999999,0.08,0.02,0.04,0.5,0.5,0.8995758274267318
0.5499999999999999,0.08,0.01,0.06,0.45,0.45,0.8995596739302507
0.5999999999999999,0.02,0.03,0.08,0.5,0.45,0.8995582289148233
0.5499999999999999,0.08,0.03,0.04,0.45,0.45,0.8995491148231054
0.5499999999999999,0.02,0.01,0.04,0.5,0.45,0.8995315163111969
0.49999999999999994,0.06,0.01,0.04,0.4,0.45,0.8995294416242425
0.5499999999999999,0.04,0.03,0.06,0.45,0.45,0.8995188825170974
0.49999999999999994,0.08,0.03,0.04,0.4,0.4,0.8995048037075706
0.5499999999999999,0.06,0.01,0.08,0.45,0.4,0.8995033586921432
0.5999999999999999,0.02,0.01,0.08,0.5,0.5,0.8994478587979361
0.5999999999999999,0.06,0.01,0.08,0.5,0.45,0.8994464137825087
0.49999999999999994,0.08,0.01,0.06,0.4,0.4,0.8994443390955544
0.5499999999999999,0.06,0.02,0.08,0.45,0.4,0.8994161814765006
0.5999999999999999,0.08,0.03,0.04,0.5,0.5,0.899373315376393
0.5499999999999999,0.08,0.01,0.02,0.5,0.45,0.8993521971621028
0.5499999999999999,0.04,0.02,0.04,0.45,0.5,0.8993163704667586
0.5499999999999999,0.02,0.01,0.08,0.45,0.45,0.8992917325500865
0.49999999999999994,0.02,0.01,0.08,0.4,0.4,0.8992882128477049
0.49999999999999994,0.08,0.01,0.02,0.45,0.4,0.8992706143357962
0.5499999999999999,0.06,0.03,0.06,0.4,0.5,0.8992559058547424
0.49999999999999994,0.04,0.01,0.04,0.45,0.4,0.8992509411369333
0.5499999999999999,0.06,0.02,0.04,0.5,0.4,0.8992459764191242
0.5999999999999999,0.08,0.01,0.06,0.5,0.5,0.8992383073428338
0.5499999999999999,0.02,0.01,0.06,0.5,0.4,0.8992354173119791
0.5999999999999999,0.04,0.02,0.08,0.5,0.45,0.899229822922643
0.5499999999999999,0.04,0.01,0.04,0.5,0.45,0.899224228533307
0.5499999999999999,0.08,0.01,0.08,0.45,0.4,0.8991960709142532
0.5999999999999999,0.06,0.03,0.08,0.45,0.5,0.8991708033260541
0.5499999999999999,0.02,0.03,0.04,0.45,0.5,0.8991708033260541
0.5999999999999999,0.04,0.03,0.06,0.5,0.5,0.899160244218909
0.5999999999999999,0.08,0.01,0.08,0.5,0.45,0.899135606302237
0.49999999999999994,0.02,0.02,0.04,0.45,0.4,0.8991088936986107
0.5499999999999999,0.06,0.01,0.04,0.45,0.5,0.8990997796068929
0.5499999999999999,0.08,0.01,0.04,0.5,0.4,0.8990968895760381
0.44999999999999996,0.02,0.02,0.02,0.4,0.4,0.8990962599045111
0.5499999999999999,0.02,0.02,0.08,0.4,0.5,0.8990695473008847
0.49999999999999994,0.04,0.01,0.02,0.45,0.45,0.899066027598503
0.5999999999999999,0.08,0.03,0.08,0.5,0.4,0.8990560981628848
0.49999999999999994,0.06,0.01,0.02,0.4,0.5,0.899035795292495
0.5499999999999999,0.04,0.03,0.08,0.45,0.4,0.899016751765159
0.49999999999999994,0.02,0.02,0.02,0.45,0.45,0.8989879644745783
0.5499999999999999,0.02,0.01,0.06,0.45,0.5,0.8989612518709519
0.44999999999999996,0.04,0.01,0.02,0.4,0.4,0.8989542124661885
0.5999999999999999,0.06,0.02,0.06,0.5,0.5,0.8989063816482719
0.5499999999999999,0.02,0.02,0.04,0.5,0.45,0.8988993422435083
0.49999999999999994,0.04,0.02,0.02,0.4,0.5,0.8988902281517905
0.5499999999999999,0.04,0.01,0.02,0.5,0.5,0.8988867084494088
0.5499999999999999,0.08,0.03,0.08,0.4,0.45,0.8988867084494088
0.5999999999999999,0.02,0.02,0.08,0.5,0.5,0.8988831887470271
0.5999999999999999,0.06,0.02,0.08,0.5,0.45,0.8988817437315997
0.49999999999999994,0.06,0.03,0.02,0.45,0.4,0.898858550830355
0.5499999999999999,0.08,0.02,0.06,0.45,0.45,0.8988494367386373
0.5499999999999999,0.02,0.02,0.06,0.5,0.4,0.898823353806538
0.5499999999999999,0.08,0.02,0.06,0.4,0.5,0.898822724135011
0.49999999999999994,0.02,0.01,0.06,0.4,0.45,0.8988192044326293
0.49999999999999994,0.08,0.03,0.02,0.4,0.45,0.8988121650278658
0.5499999999999999,0.06,0.03,0.08,0.45,0.4,0.8987875271111938
0.5499999999999999,0.02,0.02,0.08,0.45,0.45,0.8987678539123308
0.5499999999999999,0.04,0.01,0.06,0.5,0.4,0.898715058376605
0.5999999999999999,0.06,0.03,0.06,0.5,0.5,0.8986771569943066
0.49999999999999994,0.02,0.03,0.02,0.4,0.5,0.8986701175895431
0.49999999999999994,0.06,0.03,0.06,0.4,0.4,0.8986328458787716
0.5499999999999999,0.02,0.02,0.02,0.5,0.5,0.8985955741680001
0.5499999999999999,0.08,0.03,0.02,0.45,0.5,0.8985618221596103
0.5499999999999999,0.06,0.03,0.06,0.45,0.45,0.8985618221596103
0.49999999999999994,0.08,0.02,0.06,0.4,0.4,0.8985583024572286
0.5499999999999999,0.04,0.01,0.08,0.45,0.45,0.8985547827548468
0.49999999999999994,0.02,0.02,0.08,0.4,0.4,0.8985442236477017
0.5999999999999999,0.08,0.03,0.08,0.45,0.5,0.8985280701512204
0.5499999999999999,0.08,0.02,0.04,0.5,0.4,0.8985055069215028
0.5999999999999999,0.08,0.02,0.06,0.5,0.5,0.8984943181428307
0.49999999999999994,0.04,0.01,0.08,0.4,0.4,0.8984696802261587
0.49999999999999994,0.04,0.03,0.04,0.4,0.45,0.8984570464320591
0.49999999999999994,0.08,0.02,0.02,0.45,0.4,0.8984556014166318
0.5999999999999999,0.04,0.01,0.08,0.5,0.5,0.8984464873249141
0.5499999999999999,0.04,0.02,0.06,0.5,0.4,0.8984450423094866
0.5999999999999999,0.04,0.03,0.08,0.5,0.45,0.8984112903010968
0.5499999999999999,0.06,0.02,0.04,0.45,0.5,0.898352270704508
0.49999999999999994,0.06,0.02,0.04,0.4,0.45,0.898352270704508
0.49999999999999994,0.08,0.01,0.04,0.4,0.45,0.8983185186961182
0.5999999999999999,0.08,0.02,0.08,0.5,0.45,0.8982903610770645
0.5499999999999999,0.08,0.01,0.04,0.45,0.5,0.8982439752745752
0.5499999999999999,0.02,0.03,0.08,0.45,0.45,0.8982439752745752
0.49999999999999994,0.04,0.02,0.04,0.45,0.4,0.8982228570602848
0.49999999999999994,0.02,0.03,0.04,0.45,0.4,0.8981891050518951
0.5999999999999999,0.06,0.03,0.08,0.5,0.45,0.8981820656471315
0.5499999999999999,0.04,0.03,0.04,0.45,0.5,0.8981694318530321
0.49999999999999994,0.06,0.01,0.08,0.4,0.4,0.8981623924482687
0.49999999999999994,0.04,0.03,0.02,0.4,0.5,0.8981356798446423
0.5499999999999999,0.08,0.02,0.08,0.45,0.4,0.8981271954244515
0.5499999999999999,0.04,0.02,0.04,0.5,0.45,0.8981180813327336
0.5499999999999999,0.02,0.03,0.04,0.5,0.45,0.8981180813327336
0.5499999999999999,0.06,0.01,0.06,0.5,0.4,0.8981166363173063
0.49999999999999994,0.08,0.01,0.02,0.4,0.5,0.8981019278362524
0.5499999999999999,0.04,0.02,0.08,0.45,0.45,0.8980984081338708
0.5499999999999999,0.06,0.03,0.02,0.5,0.45,0.8980667308124353
0.44999999999999996,0.06,0.01,0.02,0.4,0.4,0.8980646561254809
0.5999999999999999,0.08,0.03,0.08,0.5,0.45,0.8980435379111906
0.5499999999999999,0.02,0.02,0.06,0.45,0.5,0.8980344238194728
0.49999999999999994,0.06,0.02,0.02,0.4,0.5,0.8980309041170911
0.5999999999999999,0.06,0.01,0.08,0.5,0.5,0.8980273844147094
0.5499999999999999,0.04,0.01,0.06,0.45,0.5,0.8980006718110831
0.5499999999999999,0.06,0.03,0.04,0.5,0.4,0.8979977817802284
0.5499999999999999,0.02,0.03,0.06,0.5,0.4,0.897971069176602
0.5499999999999999,0.08,0.03,0.08,0.45,0.4,0.8979689944896476
0.49999999999999994,0.06,0.01,0.04,0.45,0.4,0.8979654747872658
0.49999999999999994,0.06,0.01,0.02,0.45,0.45,0.8979563606955481
0.49999999999999994,0.04,0.02,0.08,0.4,0.4,0.8979493212907848
0.5499999999999999,0.08,0.03,0.06,0.4,0.5,0.8979331677943034
0.49999999999999994,0.04,0.01,0.06,0.4,0.45,0.8979296480919217
0.5499999999999999,0.02,0.01,0.06,0.5,0.45,0.8979050101752497
0.5499999999999999,0.04,0.02,0.08,0.4,0.5,0.8978888566787685
0.49999999999999994,0.02,0.02,0.06,0.4,0.45,0.8978586243727604
0.5499999999999999,0.06,0.01,0.08,0.4,0.5,0.8978551046703787
0.5499999999999999,0.02,0.03,0.08,0.4,0.5,0.8978515849679969
0.5499999999999999,0.08,0.02,0.02,0.5,0.45,0.8978501399525696
0.5499999999999999,0.06,0.01,0.04,0.5,0.45,0.8978269470513249
0.5999999999999999,0.04,0.02,0.08,0.5,0.5,0.8977770415464539
0.49999999999999994,0.02,0.01,0.02,0.5,0.4,0.8977509586143546
0.5499999999999999,0.02,0.01,0.08,0.5,0.4,0.8977242460107282
0.49999999999999994,0.02,0.03,0.08,0.4,0.4,0.8976919390177657
0.5499999999999999,0.04,0.02,0.02,0.5,0.5,0.897668746116521
0.5499999999999999,0.06,0.01,0.08,0.45,0.45,0.8976617067117576
0.49999999999999994,0.04,0.02,0.02,0.45,0.45,0.897594202694978
0.49999999999999994,0.02,0.03,0.02,0.45,0.45,0.8975906829925963
0.49999999999999994,0.02,0.01,0.04,0.4,0.5,0.8975674900913516
0.5499999999999999,0.06,0.01,0.02,0.5,0.5,0.8975604506865882
0.5999999999999999,0.02,0.03,0.08,0.5,0.5,0.8975604506865882
0.44999999999999996,0.02,0.01,0.04,0.4,0.4,0.8975337380829618
0.5499999999999999,0.04,0.01,0.06,0.5,0.45,0.8975231789758167
0.5499999999999999,0.08,0.03,0.06,0.45,0.45,0.897499986074572
0.44999999999999996,0.02,0.03,0.02,0.4,0.4,0.8974486355542737
0.49999999999999994,0.06,0.02,0.04,0.45,0.4,0.8974380764471285
0.49999999999999994,0.08,0.01,0.04,0.45,0.4,0.8974043244387386
0.5499999999999999,0.02,0.02,0.06,0.5,0.45,0.8973740921327306
0.5499999999999999,0.08,0.01,0.06,0.5,0.4,0.8973726471173031
0.5499999999999999,0.06,0.01,0.06,0.45,0.5,0.897361458338631
0.44999999999999996,0.04,0.02,0.02,0.4,0.4,0.8973403401243407
0.5499999999999999,0.08,0.01,0.08,0.4,0.5,0.8973241866278595
0.5999999999999999,0.08,0.03,0.06,0.5,0.5,0.8973171472230961
0.49999999999999994,0.08,0.03,0.06,0.4,0.4,0.8973171472230961
0.49999999999999994,0.06,0.02,0.08,0.4,0.4,0.8973101078183326
0.49999999999999994,0.02,0.01,0.06,0.45,0.4,0.8972854699016606
0.49999999999999994,0.08,0.02,0.04,0.4,0.45,0.8972833952147063
0.5499999999999999,0.02,0.01,0.04,0.5,0.5,0.8972798755123246
0.5499999999999999,0.02,0.03,0.02,0.5,0.5,0.8972693164051795
0.49999999999999994,0.04,0.01,0.06,0.45,0.4,0.8972657967027977
0.49999999999999994,0.08,0.02,0.02,0.4,0.5,0.8972461235039348
0.5499999999999999,0.08,0.01,0.08,0.45,0.45,0.8972390840991713
0.49999999999999994,0.08,0.01,0.08,0.4,0.4,0.8972355643967895
0.5499999999999999,0.08,0.03,0.04,0.5,0.4,0.8972200405718354
0.49999999999999994,0.02,0.01,0.04,0.45,0.45,0.8972088517931633
0.5499999999999999,0.08,0.02,0.04,0.45,0.5,0.8971715800823917
0.5499999999999999,0.06,0.02,0.08,0.4,0.5,0.8971448674787653
0.5499999999999999,0.04,0.02,0.06,0.45,0.5,0.8971448674787653
0.5499999999999999,0.04,0.03,0.08,0.4,0.5,0.8970703240572222
0.5999999999999999,0.08,0.01,0.08,0.5,0.5,0.8970597649500771
0.5499999999999999,0.06,0.02,0.08,0.45,0.45,0.8970597649500771
0.49999999999999994,0.02,0.02,0.04,0.4,0.5,0.8970330523464507
0.49999999999999994,0.08,0.03,0.02,0.45,0.4,0.8970316073310234
0.5499999999999999,0.08,0.01,0.04,0.5,0.45,0.8970084144297787
0.49999999999999994,0.02,0.02,0.06,0.45,0.4,0.8969409104129991
0.5499999999999999,0.06,0.02,0.06,0.5,0.4,0.8969021936868002
0.5499999999999999,0.06,0.02,0.04,0.5,0.45,0.8969001189998459
0.49999999999999994,0.04,0.01,0.04,0.4,0.5,0.8968502134949748
0.5499999999999999,0.02,0.03,0.06,0.45,0.5,0.896816461486585
0.49999999999999994,0.06,0.03,0.04,0.4,0.45,0.8967791897758135
0.5499999999999999,0.04,0.03,0.06,0.5,0.4,0.8967566265460959
0.5499999999999999,0.08,0.03,0.02,0.5,0.45,0.896747512454378
0.49999999999999994,0.04,0.03,0.04,0.45,0.4,0.89671728014837
0.49999999999999994,0.06,0.03,0.02,0.4,0.5,0.8967046463542705
0.49999999999999994,0.04,0.02,0.06,0.4,0.45,0.8966744140482623
0.5499999999999999,0.04,0.01,0.08,0.5,0.4,0.8966518508185447
0.5999999999999999,0.06,0.02,0.08,0.5,0.5,0.8966301029327275
0.5499999999999999,0.04,0.03,0.08,0.45,0.45,0.8966301029327275
0.5499999999999999,0.06,0.03,0.04,0.45,0.5,0.8966301029327275
0.49999999999999994,0.04,0.03,0.08,0.4,0.4,0.8966265832303457
0.49999999999999994,0.04,0.01,0.02,0.5,0.4,0.8966110594053915
0.49999999999999994,0.02,0.03,0.06,0.4,0.45,0.8966033903291011
0.5999999999999999,0.04,0.03,0.08,0.5,0.5,0.8965661186183296
0.49999999999999994,0.04,0.01,0.04,0.45,0.45,0.8965323666099397
0.49999999999999994,0.02,0.02,0.04,0.45,0.45,0.8964950948991681
0.44999999999999996,0.02,0.02,0.04,0.4,0.4,0.8964950948991681
0.5499999999999999,0.04,0.01,0.04,0.5,0.5,0.8964578231883966
0.49999999999999994,0.06,0.01,0.06,0.4,0.45,0.8964578231883966
0.5499999999999999,0.08,0.02,0.08,0.4,0.5,0.8964311105847703
0.44999999999999996,0.04,0.01,0.04,0.4,0.4,0.8964240711800069
0.5499999999999999,0.04,0.03,0.04,0.5,0.45,0.8963959135609532
0.5499999999999999,0.06,0.03,0.06,0.5,0.4,0.8963783150490445
0.5499999999999999,0.02,0.02,0.04,0.5,0.5,0.8963495277584639
0.49999999999999994,0.02,0.01,0.02,0.45,0.5,0.8963495277584639
0.44999999999999996,0.08,0.01,0.02,0.4,0.4,0.8963460080560821
0.5499999999999999,0.08,0.01,0.02,0.5,0.5,0.8963424883537003
0.5499999999999999,0.02,0.01,0.08,0.45,0.5,0.8962785040393024
0.5499999999999999,0.04,0.03,0.02,0.5,0.5,0.8962714646345391
0.5499999999999999,0.02,0.02,0.08,0.5,0.4,0.8962594605119665
0.5499999999999999,0.04,0.03,0.06,0.45,0.5,0.8962180394272863
0.49999999999999994,0.08,0.03,0.04,0.4,0.45,0.8962110000225229
0.5499999999999999,0.08,0.03,0.04,0.45,0.5,0.8962110000225229
0.44999999999999996,0.02,0.01,0.02,0.4,0.45,0.8962039606177594
0.44999999999999996,0.06,0.02,0.02,0.4,0.4,0.8962004409153776
0.49999999999999994,0.08,0.01,0.02,0.45,0.45,0.8962004409153776
0.5499999999999999,0.08,0.02,0.06,0.5,0.4,0.8961954761975687
0.49999999999999994,0.02,0.02,0.02,0.5,0.4,0.8961778776856602
0.49999999999999994,0.02,0.03,0.04,0.4,0.5,0.896177248014133
0.49999999999999994,0.02,0.01,0.08,0.4,0.45,0.8961364566009797
0.49999999999999994,0.08,0.02,0.04,0.45,0.4,0.8961118186843078
0.49999999999999994,0.06,0.03,0.08,0.4,0.4,0.8961062242949718
0.49999999999999994,0.06,0.02,0.02,0.45,0.45,0.8960921454854449
0.49999999999999994,0.04,0.02,0.04,0.4,0.5,0.8960689525842003
0.49999999999999994,0.08,0.02,0.08,0.4,0.4,0.8960654328818185
0.49999999999999994,0.06,0.01,0.04,0.4,0.5,0.8960654328818185
0.44999999999999996,0.04,0.03,0.02,0.4,0.4,0.8960548737746734
0.5499999999999999,0.06,0.01,0.06,0.5,0.45,0.8960140823615201
0.5499999999999999,0.08,0.02,0.04,0.5,0.45,0.8960070429567566
0.5499999999999999,0.06,0.03,0.08,0.4,0.5,0.8959606571542673
0.5999999999999999,0.08,0.02,0.08,0.5,0.5,0.8959571374518855
0.49999999999999994,0.04,0.03,0.02,0.45,0.45,0.895909306633969
0.5499999999999999,0.06,0.02,0.02,0.5,0.5,0.895909306633969
0.5499999999999999,0.02,0.03,0.06,0.5,0.45,0.8959057869315872
0.5499999999999999,0.06,0.03,0.04,0.5,0.45,0.8958614758160524
0.5499999999999999,0.08,0.02,0.08,0.45,0.45,0.8958488420219528
0.49999999999999994,0.08,0.03,0.02,0.4,0.5,0.895845322319571
0.49999999999999994,0.06,0.01,0.06,0.45,0.4,0.8958312435100442
0.5499999999999999,0.06,0.03,0.08,0.45,0.45,0.895815090013563
0.5999999999999999,0.06,0.03,0.08,0.5,0.5,0.895815090013563
0.5499999999999999,0.04,0.02,0.06,0.5,0.45,0.8957637394932645
0.49999999999999994,0.06,0.02,0.06,0.4,0.45,0.8957138339883935
0.49999999999999994,0.04,0.03,0.06,0.4,0.45,0.8957138339883935
0.49999999999999994,0.08,0.01,0.04,0.4,0.5,0.8956800819800037
0.49999999999999994,0.06,0.03,0.04,0.45,0.4,0.8956786369645764
0.5499999999999999,0.06,0.02,0.06,0.45,0.5,0.8956765622776219
0.5499999999999999,0.08,0.01,0.06,0.45,0.5,0.8956765622776219
0.49999999999999994,0.08,0.01,0.06,0.4,0.45,0.8956765622776219
0.5499999999999999,0.02,0.01,0.08,0.5,0.45,0.8956554440633318
0.5499999999999999,0.06,0.01,0.04,0.5,0.5,0.8955309951369177
0.49999999999999994,0.04,0.02,0.06,0.45,0.4,0.8955063572202456
0.44999999999999996,0.02,0.02,0.02,0.4,0.45,0.8954564517153746
0.5499999999999999,0.08,0.01,0.08,0.5,0.4,0.8954177349891757
0.49999999999999994,0.02,0.03,0.06,0.45,0.4,0.8953980617903128
0.49999999999999994,0.02,0.01,0.06,0.4,0.5,0.895388947698595
0.5499999999999999,0.08,0.03,0.08,0.4,0.5,0.8953516759878235
0.49999999999999994,0.04,0.01,0.02,0.45,0.5,0.8953481562854417
0.5499999999999999,0.08,0.03,0.06,0.5,0.4,0.8953396718652509
0.49999999999999994,0.02,0.02,0.02,0.45,0.5,0.8953108845746702
0.5499999999999999,0.06,0.01,0.08,0.5,0.4,0.8952953607497159
0.5499999999999999,0.04,0.02,0.08,0.5,0.4,0.8952953607497159
0.49999999999999994,0.02,0.01,0.08,0.45,0.4,0.8952932860627616
0.44999999999999996,0.04,0.02,0.04,0.4,0.4,0.8952841719710438
0.44999999999999996,0.06,0.01,0.04,0.4,0.4,0.8952504199626541
0.5999999999999999,0.08,0.03,0.08,0.5,0.5,0.8952469002602723
0.49999999999999994,0.02,0.01,0.04,0.5,0.4,0.8952243370305546
0.49999999999999994,0.06,0.02,0.04,0.4,0.5,0.8952096285495008
0.49999999999999994,0.06,0.01,0.04,0.45,0.45,0.895206108847119
0.44999999999999996,0.04,0.01,0.02,0.4,0.45,0.895206108847119
0.5499999999999999,0.02,0.03,0.08,0.5,0.4,0.8951835456174013
0.49999999999999994,0.02,0.03,0.02,0.5,0.4,0.8951800259150198
0.5499999999999999,0.02,0.01,0.06,0.5,0.5,0.8951723568387293
0.5499999999999999,0.04,0.02,0.04,0.5,0.5,0.8951688371363475
0.5499999999999999,0.06,0.03,0.02,0.5,0.5,0.8951653174339658
0.44999999999999996,0.02,0.03,0.04,0.4,0.4,0.8951386048303394
0.49999999999999994,0.02,0.01,0.02,0.5,0.45,0.8951210063184308
0.49999999999999994,0.04,0.02,0.02,0.5,0.4,0.8951090021958583
0.5499999999999999,0.04,0.01,0.08,0.45,0.5,0.8951013331195679
0.49999999999999994,0.04,0.02,0.04,0.45,0.45,0.8950978134171862
0.49999999999999994,0.02,0.03,0.04,0.45,0.45,0.8950978134171862
0.5499999999999999,0.08,0.02,0.02,0.5,0.5,0.8950942937148045
0.49999999999999994,0.02,0.02,0.06,0.4,0.5,0.8950711008135599
0.5499999999999999,0.02,0.02,0.08,0.45,0.5,0.8950640614087964
0.49999999999999994,0.04,0.01,0.06,0.4,0.5,0.8950338291027884
0.5499999999999999,0.08,0.03,0.08,0.45,0.45,0.8950303094004066
0.5499999999999999,0.02,0.03,0.04,0.5,0.5,0.8950232699956431
0.5499999999999999,0.06,0.02,0.08,0.5,0.4,0.8950218249802158
0.49999999999999994,0.06,0.01,0.02,0.5,0.4,0.894963435055154
0.49999999999999994,0.08,0.02,0.02,0.45,0.45,0.8949487265741001
0.5499999999999999,0.08,0.02,0.06,0.45,0.5,0.8949290533752372
0.49999999999999994,0.02,0.02,0.08,0.4,0.45,0.894918494268092
0.5499999999999999,0.08,0.01,0.06,0.5,0.45,0.8949044154585651
0.44999999999999996,0.02,0.01,0.02,0.45,0.4,0.8949044154585651
0.49999999999999994,0.04,0.01,0.08,0.4,0.45,0.8948812225573205
0.44999999999999996,0.08,0.02,0.02,0.4,0.4,0.8948777028549388
0.5499999999999999,0.04,0.03,0.08,0.5,0.4,0.8948762578395114
0.49999999999999994,0.06,0.03,0.02,0.45,0.45,0.8948741831525571
0.49999999999999994,0.08,0.03,0.08,0.4,0.4,0.8948137185405409
0.44999999999999996,0.06,0.03,0.02,0.4,0.4,0.8948031594333957
0.5499999999999999,0.06,0.02,0.06,0.5,0.45,0.8947961200286323
0.5499999999999999,0.04,0.03,0.06,0.5,0.45,0.8947961200286323
0.49999999999999994,0.02,0.01,0.06,0.45,0.45,0.8947764468297694
0.49999999999999994,0.04,0.03,0.04,0.4,0.5,0.8947764468297694
0.5499999999999999,0.06,0.01,0.08,0.45,0.5,0.8947462145237612
0.5499999999999999,0.06,0.03,0.06,0.45,0.5,0.8947159822177532
0.49999999999999994,0.04,0.01,0.08,0.45,0.4,0.8946948640034629
0.49999999999999994,0.08,0.03,0.04,0.45,0.4,0.8946772654915542
0.5499999999999999,0.08,0.03,0.04,0.5,0.45,0.8946435134831645
0.49999999999999994,0.08,0.02,0.06,0.4,0.45,0.89464143879621
0.49999999999999994,0.06,0.03,0.04,0.4,0.5,0.8946379190938284
0.49999999999999994,0.02,0.02,0.04,0.5,0.4,0.8945956826652478
0.5499999999999999,0.04,0.02,0.08,0.45,0.5,0.894566895374667
0.49999999999999994,0.04,0.02,0.02,0.45,0.5,0.8945633756722853
0.5499999999999999,0.08,0.03,0.02,0.5,0.5,0.8945598559699036
0.5499999999999999,0.04,0.01,0.08,0.5,0.45,0.8945492968627584
0.49999999999999994,0.08,0.01,0.06,0.45,0.4,0.8945457771603768
0.44999999999999996,0.02,0.01,0.06,0.4,0.4,0.8945261039615138
0.49999999999999994,0.02,0.03,0.02,0.45,0.5,0.8945261039615138
0.49999999999999994,0.04,0.01,0.04,0.5,0.4,0.8945211392437047
0.5499999999999999,0.04,0.01,0.06,0.5,0.5,0.8945029110602691
0.5499999999999999,0.08,0.02,0.08,0.5,0.4,0.8944944266400784
0.49999999999999994,0.04,0.03,0.06,0.45,0.4,0.8944747534412154
0.49999999999999994,0.08,0.02,0.04,0.4,0.5,0.8944585999447342
0.49999999999999994,0.06,0.01,0.02,0.45,0.5,0.8944550802423525
0.49999999999999994,0.04,0.01,0.06,0.45,0.45,0.8944318873411078
0.49999999999999994,0.06,0.01,0.06,0.4,0.5,0.8944283676387261
0.49999999999999994,0.06,0.01,0.08,0.4,0.45,0.8944213282339627
0.49999999999999994,0.06,0.02,0.06,0.45,0.4,0.8944002100196724
0.49999999999999994,0.02,0.03,0.08,0.4,0.45,0.8943875762255729
0.5499999999999999,0.08,0.01,0.04,0.5,0.5,0.8943840565231912
0.49999999999999994,0.02,0.02,0.08,0.45,0.4,0.8943664580112827
0.49999999999999994,0.08,0.01,0.02,0.5,0.4,0.8943650129958552
0.5499999999999999,0.02,0.03,0.08,0.45,0.5,0.8943503045148014
0.5499999999999999,0.06,0.03,0.08,0.5,0.4,0.894348859499374
0.5499999999999999,0.08,0.02,0.06,0.5,0.45,0.8943432651100379
0.5499999999999999,0.02,0.02,0.06,0.5,0.5,0.8943200722087932
0.44999999999999996,0.04,0.02,0.02,0.4,0.45,0.8943165525064116
0.49999999999999994,0.04,0.02,0.08,0.4,0.45,0.8943165525064116
0.5499999999999999,0.06,0.03,0.06,0.5,0.45,0.8943095131016481
0.5499999999999999,0.02,0.02,0.08,0.5,0.45,0.8942954342921212
0.5499999999999999,0.06,0.01,0.08,0.5,0.45,0.8942687216884948
0.49999999999999994,0.08,0.01,0.04,0.45,0.45,0.8942117767788604
0.49999999999999994,0.04,0.02,0.06,0.4,0.5,0.8942117767788604
0.44999999999999996,0.02,0.03,0.02,0.4,0.45,0.894204737374097
0.5499999999999999,0.06,0.02,0.04,0.5,0.5,0.8942012176717153
0.49999999999999994,0.06,0.03,0.06,0.4,0.45,0.8941709853657072
0.49999999999999994,0.04,0.03,0.02,0.5,0.4,0.8941484221359894
0.5499999999999999,0.08,0.03,0.06,0.45,0.5,0.8941442727620807
0.49999999999999994,0.02,0.02,0.06,0.45,0.45,0.894066209638156
0.49999999999999994,0.08,0.03,0.02,0.45,0.45,0.8940556505310109
0.49999999999999994,0.06,0.02,0.02,0.5,0.4,0.8940401267060567
0.44999999999999996,0.04,0.01,0.06,0.4,0.4,0.8939987056213764
0.49999999999999994,0.02,0.01,0.04,0.45,0.5,0.8939987056213764
0.5499999999999999,0.04,0.03,0.04,0.5,0.5,0.8939846268118495
0.44999999999999996,0.02,0.01,0.04,0.4,0.45,0.8939649536129866
0.44999999999999996,0.06,0.01,0.02,0.4,0.45,0.8939543945058415
0.5499999999999999,0.04,0.02,0.08,0.5,0.45,0.8939438353986964
0.44999999999999996,0.08,0.01,0.04,0.4,0.4,0.8938904101914436
0.44999999999999996,0.02,0.01,0.02,0.4,0.5,0.8938868904890618
0.49999999999999994,0.02,0.03,0.06,0.4,0.5,0.8938868904890618
0.49999999999999994,0.04,0.03,0.04,0.45,0.45,0.8938833707866801
0.49999999999999994,0.04,0.01,0.02,0.5,0.45,0.8938622525723898
0.49999999999999994,0.06,0.02,0.04,0.45,0.45,0.8938460990759086
0.49999999999999994,0.06,0.01,0.08,0.45,0.4,0.8938355399687634
0.49999999999999994,0.08,0.02,0.06,0.45,0.4,0.8938355399687634
0.49999999999999994,0.04,0.02,0.08,0.45,0.4,0.8938355399687634
0.49999999999999994,0.08,0.03,0.04,0.4,0.5,0.8937821147615106
0.5499999999999999,0.08,0.03,0.08,0.5,0.4,0.8937806697460833
0.49999999999999994,0.06,0.01,0.04,0.5,0.4,0.89377363034132
0.49999999999999994,0.08,0.03,0.06,0.4,0.45,0.8937483627531209
0.49999999999999994,0.08,0.01,0.08,0.4,0.45,0.8937413233483575
0.44999999999999996,0.04,0.01,0.02,0.45,0.4,0.8937202051340671
0.44999999999999996,0.08,0.03,0.02,0.4,0.4,0.893659740522051
0.5499999999999999,0.08,0.01,0.08,0.45,0.5,0.8935957562076531
0.49999999999999994,0.08,0.01,0.02,0.45,0.5,0.8935655239016449
0.49999999999999994,0.04,0.02,0.04,0.5,0.4,0.8935570394814543
0.5499999999999999,0.04,0.03,0.08,0.45,0.5,0.8935317718932552
0.49999999999999994,0.06,0.02,0.08,0.4,0.45,0.8935282521908734
0.44999999999999996,0.06,0.02,0.04,0.4,0.4,0.8935282521908734
0.49999999999999994,0.02,0.02,0.02,0.5,0.45,0.8935036142742014
0.49999999999999994,0.02,0.01,0.06,0.5,0.4,0.8934895354646746
0.49999999999999994,0.06,0.03,0.06,0.45,0.4,0.8934733819681934
0.5499999999999999,0.06,0.03,0.04,0.5,0.5,0.8934572284717122
0.49999999999999994,0.02,0.02,0.04,0.45,0.5,0.8934305158680858
0.44999999999999996,0.08,0.01,0.02,0.4,0.45,0.8934234764633223
0.5499999999999999,0.06,0.02,0.08,0.45,0.5,0.8934164370585589
0.44999999999999996,0.02,0.02,0.02,0.45,0.4,0.8933953188442686
0.44999999999999996,0.02,0.02,0.06,0.4,0.4,0.8933454133393975
0.5499999999999999,0.08,0.02,0.04,0.5,0.5,0.8933116613310077
0.49999999999999994,0.06,0.02,0.02,0.45,0.5,0.8933116613310077
0.44999999999999996,0.04,0.03,0.04,0.4,0.4,0.893308141628626
0.49999999999999994,0.08,0.02,0.04,0.45,0.45,0.8932849487273813
0.49999999999999994,0.04,0.03,0.08,0.4,0.45,0.8932814290249996
0.49999999999999994,0.02,0.03,0.04,0.5,0.4,0.8932694249024271
0.5499999999999999,0.06,0.03,0.08,0.45,0.5,0.8932104053058383
0.49999999999999994,0.02,0.01,0.04,0.5,0.45,0.8931928067939298
0.5499999999999999,0.02,0.03,0.08,0.5,0.45,0.8931484956783948
0.49999999999999994,0.04,0.01,0.04,0.45,0.5,0.893139381586677
0.44999999999999996,0.02,0.02,0.04,0.4,0.45,0.8931091492806689
0.44999999999999996,0.04,0.01,0.02,0.4,0.5,0.8931056295782872
0.49999999999999994,0.02,0.03,0.08,0.45,0.4,0.8930739522568517
0.49999999999999994,0.02,0.01,0.08,0.4,0.5,0.893020527049599
0.49999999999999994,0.08,0.02,0.02,0.5,0.4,0.8930085229270265
0.49999999999999994,0.06,0.01,0.04,0.45,0.5,0.8930043735531177
0.49999999999999994,0.04,0.03,0.02,0.45,0.5,0.8929867750412092
0.5499999999999999,0.08,0.01,0.08,0.5,0.45,0.8929797356364457
0.44999999999999996,0.04,0.01,0.04,0.4,0.45,0.8929600624375829
0.44999999999999996,0.02,0.02,0.02,0.4,0.5,0.8929600624375829
0.44999999999999996,0.02,0.01,0.04,0.45,0.4,0.892945983628056
0.44999999999999996,0.06,0.02,0.02,0.4,0.45,0.8929157513220478
0.5499999999999999,0.06,0.01,0.06,0.5,0.5,0.8928855190160397
0.5499999999999999,0.08,0.02,0.08,0.45,0.5,0.8928855190160397
0.44999999999999996,0.04,0.03,0.02,0.4,0.45,0.8928784796112763
0.49999999999999994,0.06,0.02,0.06,0.4,0.5,0.8928447276028866
0.5499999999999999,0.08,0.03,0.06,0.5,0.45,0.8928341684957413
0.49999999999999994,0.06,0.03,0.02,0.5,0.4,0.8928256840755506
0.49999999999999994,0.04,0.02,0.04,0.45,0.5,0.8928250544040235
0.49999999999999994,0.06,0.01,0.02,0.5,0.45,0.8927898573802064
0.49999999999999994,0.04,0.01,0.06,0.5,0.4,0.8927792982730612
0.5499999999999999,0.06,0.02,0.08,0.5,0.45,0.89276314477658
0.49999999999999994,0.02,0.02,0.06,0.5,0.4,0.8927455462646714
0.49999999999999994,0.06,0.03,0.04,0.45,0.45,0.8927399518753354
0.49999999999999994,0.08,0.01,0.06,0.4,0.5,0.8927364321729536
0.5499999999999999,0.04,0.03,0.08,0.5,0.45,0.892688601355037
0.5499999999999999,0.04,0.02,0.06,0.5,0.5,0.8926689281561739
0.49999999999999994,0.08,0.01,0.08,0.45,0.4,0.8926513296442655
0.44999999999999996,0.08,0.02,0.04,0.4,0.4,0.8926351761477842
0.5499999999999999,0.02,0.03,0.06,0.5,0.5,0.8926316564454024
0.49999999999999994,0.08,0.01,0.04,0.5,0.4,0.8926302114299751
0.5499999999999999,0.02,0.01,0.08,0.5,0.5,0.8926281367430209
0.49999999999999994,0.04,0.01,0.08,0.4,0.5,0.8925943847346309
0.49999999999999994,0.04,0.02,0.02,0.5,0.45,0.8925732665203407
0.49999999999999994,0.06,0.03,0.02,0.45,0.5,0.8925606327262412
0.44999999999999996,0.06,0.01,0.04,0.4,0.45,0.8925374398249966
0.49999999999999994,0.06,0.03,0.08,0.4,0.45,0.892530400420233
0.49999999999999994,0.08,0.02,0.08,0.4,0.45,0.8925268807178514
0.44999999999999996,0.06,0.03,0.04,0.4,0.4,0.8924896090070799
0.49999999999999994,0.08,0.02,0.02,0.45,0.5,0.8924896090070799
0.49999999999999994,0.02,0.03,0.04,0.45,0.5,0.8924628964034536
0.44999999999999996,0.04,0.02,0.02,0.45,0.4,0.8924312190820181
0.44999999999999996,0.04,0.02,0.04,0.4,0.45,0.8924291443950636
0.49999999999999994,0.04,0.03,0.06,0.4,0.5,0.8924115458831551
0.49999999999999994,0.06,0.02,0.04,0.5,0.4,0.8923390771485664
0.49999999999999994,0.06,0.02,0.08,0.45,0.4,0.8923264433544669
0.44999999999999996,0.06,0.01,0.02,0.45,0.4,0.8922856519413136
0.44999999999999996,0.08,0.02,0.02,0.4,0.45,0.8922765378495958
0.44999999999999996,0.02,0.03,0.02,0.4,0.5,0.8922533449483512
0.44999999999999996,0.04,0.02,0.02,0.4,0.5,0.8922498252459694
0.49999999999999994,0.02,0.01,0.06,0.45,0.5,0.8922090338328162
0.5499999999999999,0.08,0.03,0.04,0.5,0.5,0.8922019944280528
0.49999999999999994,0.02,0.01,0.08,0.45,0.45,0.892198474725671
0.49999999999999994,0.04,0.03,0.04,0.5,0.4,0.8921899903054803
0.49999999999999994,0.08,0.03,0.02,0.5,0.4,0.8921864706030986
0.49999999999999994,0.06,0.01,0.06,0.45,0.45,0.8921647227172813
0.49999999999999994,0.08,0.03,0.06,0.45,0.4,0.8921506439077544
0.49999999999999994,0.04,0.02,0.06,0.45,0.45,0.8921274510065098
0.49999999999999994,0.08,0.01,0.04,0.45,0.5,0.8921077778076468
0.49999999999999994,0.02,0.02,0.04,0.5,0.45,0.8920866595933565
0.49999999999999994,0.08,0.03,0.04,0.5,0.4,0.8920725807838297
0.5499999999999999,0.04,0.03,0.06,0.5,0.5,0.8920599469897301
0.49999999999999994,0.02,0.02,0.08,0.4,0.5,0.8920564272873484
0.49999999999999994,0.02,0.03,0.06,0.45,0.45,0.8920529075849668
0.49999999999999994,0.02,0.03,0.02,0.5,0.45,0.8920317893706764
0.49999999999999994,0.04,0.01,0.04,0.5,0.45,0.8920121161718135
0.49999999999999994,0.04,0.02,0.06,0.5,0.4,0.8920015570646683
0.49999999999999994,0.04,0.03,0.08,0.45,0.4,0.8920015570646683
0.5499999999999999,0.06,0.02,0.06,0.5,0.5,0.8919889232705688
0.5499999999999999,0.08,0.02,0.08,0.5,0.45,0.8919783641634237
0.49999999999999994,0.08,0.02,0.04,0.5,0.4,0.8919502065443699
0.49999999999999994,0.06,0.01,0.06,0.5,0.4,0.891930533345507
0.49999999999999994,0.02,0.03,0.06,0.5,0.4,0.8919270136431252
0.44999999999999996,0.06,0.01,0.02,0.4,0.5,0.891924938956171
0.44999999999999996,0.06,0.03,0.02,0.4,0.45,0.8918806278406359
0.49999999999999994,0.02,0.01,0.08,0.5,0.4,0.891855989923964
0.49999999999999994,0.06,0.02,0.04,0.45,0.5,0.8918539152370095
0.44999999999999996,0.02,0.03,0.02,0.45,0.4,0.8918489505192004
0.5499999999999999,0.08,0.03,0.08,0.45,0.5,0.8918468758322462
0.44999999999999996,0.06,0.01,0.06,0.4,0.4,0.8918398364274827
0.49999999999999994,0.08,0.03,0.04,0.45,0.45,0.8918096041214747
0.49999999999999994,0.06,0.03,0.04,0.5,0.4,0.8918046394036656
0.44999999999999996,0.02,0.03,0.04,0.4,0.45,0.891742100104695
0.49999999999999994,0.08,0.02,0.06,0.4,0.5,0.8917350606999316
0.49999999999999994,0.06,0.03,0.06,0.4,0.5,0.8917048283939235
0.5499999999999999,0.08,0.01,0.06,0.5,0.5,0.8916977889891601
0.49999999999999994,0.02,0.01,0.02,0.5,0.5,0.8916907495843966
0.44999999999999996,0.02,0.01,0.08,0.4,0.4,0.8916605172783885
0.5499999999999999,0.06,0.03,0.08,0.5,0.45,0.8916499581712434
0.44999999999999996,0.02,0.01,0.06,0.4,0.45,0.891633804674762
0.44999999999999996,0.02,0.03,0.06,0.4,0.4,0.8916197258652353
0.44999999999999996,0.04,0.03,0.02,0.4,0.5,0.8915838991698911
0.44999999999999996,0.08,0.01,0.02,0.4,0.5,0.8915395880543562
0.49999999999999994,0.08,0.01,0.06,0.5,0.4,0.8915381430389289
0.44999999999999996,0.04,0.02,0.06,0.4,0.4,0.8915149501376842
0.44999999999999996,0.02,0.02,0.04,0.45,0.4,0.8915114304353025
0.49999999999999994,0.04,0.03,0.04,0.45,0.5,0.8914917572364395
0.49999999999999994,0.06,0.02,0.02,0.5,0.45,0.8914600799150041
0.49999999999999994,0.08,0.01,0.02,0.5,0.45,0.8914263279066141
0.49999999999999994,0.08,0.03,0.08,0.4,0.45,0.8914172138148964
0.44999999999999996,0.02,0.01,0.02,0.45,0.45,0.8914066547077513
0.44999999999999996,0.04,0.01,0.04,0.45,0.4,0.8913996153029878
0.44999999999999996,0.02,0.01,0.02,0.5,0.4,0.891385536493461
0.49999999999999994,0.06,0.01,0.08,0.4,0.5,0.8913764224017432
0.49999999999999994,0.08,0.02,0.08,0.45,0.4,0.8913623435922163
0.49999999999999994,0.06,0.03,0.08,0.45,0.4,0.8913623435922163
0.49999999999999994,0.08,0.03,0.06,0.4,0.5,0.8913532295004984
0.44999999999999996,0.02,0.01,0.04,0.4,0.5,0.8912822057813372
0.49999999999999994,0.04,0.02,0.08,0.4,0.5,0.8912681269718103
0.49999999999999994,0.04,0.03,0.02,0.5,0.45,0.8912434890551384
0.49999999999999994,0.04,0.01,0.06,0.45,0.5,0.8912041426574124
0.49999999999999994,0.02,0.02,0.08,0.45,0.45,0.8912006229550307
0.49999999999999994,0.06,0.02,0.06,0.5,0.4,0.8911759850383587
0.5499999999999999,0.08,0.03,0.08,0.5,0.45,0.8911527921371141
0.44999999999999996,0.02,0.02,0.04,0.4,0.5,0.8911471977477781
0.44999999999999996,0.06,0.02,0.02,0.4,0.5,0.8911471977477781
0.44999999999999996,0.08,0.01,0.02,0.45,0.4,0.891142233029969
0.49999999999999994,0.04,0.03,0.06,0.5,0.4,0.8911387133275872
0.44999999999999996,0.04,0.01,0.04,0.4,0.5,0.8911099260370065
0.49999999999999994,0.02,0.02,0.08,0.5,0.4,0.8911049613191975
0.44999999999999996,0.06,0.02,0.02,0.45,0.4,0.8911014416168157
0.44999999999999996,0.04,0.03,0.02,0.45,0.4,0.8911014416168157
0.5499999999999999,0.04,0.01,0.08,0.5,0.5,0.8910888078227162
0.49999999999999994,0.04,0.01,0.08,0.45,0.45,0.8910888078227162
0.49999999999999994,0.08,0.02,0.06,0.5,0.4,0.8910782487155711
0.49999999999999994,0.04,0.01,0.08,0.5,0.4,0.8910676896084259
0.44999999999999996,0.08,0.01,0.04,0.4,0.45,0.8910620952190897
0.44999999999999996,0.06,0.03,0.02,0.4,0.5,0.891052981127372
0.49999999999999994,0.08,0.03,0.02,0.45,0.5,0.8910142644011732
0.49999999999999994,0.08,0.01,0.06,0.45,0.45,0.8910142644011732
0.5499999999999999,0.02,0.02,0.08,0.5,0.5,0.8910142644011732
0.49999999999999994,0.06,0.03,0.06,0.5,0.4,0.8910072249964096
0.44999999999999996,0.04,0.01,0.02,0.5,0.4,0.8909966658892645
0.44999999999999996,0.06,0.02,0.06,0.4,0.4,0.8909467603843935
0.49999999999999994,0.06,0.02,0.06,0.45,0.45,0.8909432406820117
0.49999999999999994,0.02,0.03,0.08,0.4,0.5,0.8909432406820117
0.44999999999999996,0.02,0.02,0.02,0.5,0.4,0.8909291618724848
0.44999999999999996,0.08,0.03,0.04,0.4,0.4,0.890909488673622
0.44999999999999996,0.08,0.02,0.02,0.4,0.5,0.8909074139866676
0.49999999999999994,0.04,0.03,0.06,0.45,0.45,0.8909059689712402
0.49999999999999994,0.08,0.02,0.02,0.5,0.45,0.8908918901617133
0.49999999999999994,0.04,0.02,0.04,0.5,0.45,0.890865177558087
0.44999999999999996,0.08,0.03,0.02,0.4,0.45,0.8908419846568423
0.49999999999999994,0.06,0.01,0.04,0.5,0.45,0.8907941538389257
0.49999999999999994,0.04,0.03,0.08,0.4,0.5,0.8907407286316729
0.44999999999999996,0.06,0.02,0.04,0.4,0.45,0.8907372089292912
0.49999999999999994,0.02,0.02,0.06,0.45,0.5,0.8907336892269095
0.44999999999999996,0.02,0.01,0.04,0.5,0.4,0.890726649822146
0.49999999999999994,0.06,0.03,0.02,0.5,0.45,0.8907090513102375
0.44999999999999996,0.04,0.01,0.08,0.4,0.4,0.8906928978137563
0.5499999999999999,0.08,0.02,0.06,0.5,0.5,0.8906928978137563
0.49999999999999994,0.02,0.01,0.06,0.5,0.45,0.8906858584089927
0.49999999999999994,0.08,0.01,0.08,0.4,0.5,0.8906591458053664
0.44999999999999996,0.04,0.03,0.06,0.4,0.4,0.8906556261029848
0.49999999999999994,0.08,0.03,0.08,0.45,0.4,0.890652106400603
0.44999999999999996,0.08,0.01,0.06,0.4,0.4,0.8906183543922133
0.49999999999999994,0.02,0.02,0.02,0.5,0.5,0.8906148346898315
0.49999999999999994,0.06,0.02,0.08,0.4,0.5,0.8905916417885869
0.5499999999999999,0.02,0.03,0.08,0.5,0.5,0.8905881220862051
0.5499999999999999,0.06,0.01,0.08,0.5,0.5,0.8905846023838234
0.49999999999999994,0.04,0.01,0.02,0.5,0.5,0.8905810826814416
0.49999999999999994,0.02,0.03,0.04,0.5,0.45,0.8905740432766782
0.44999999999999996,0.06,0.01,0.04,0.4,0.5,0.8905719685897239
0.44999999999999996,0.02,0.02,0.08,0.4,0.4,0.8905508503754336
0.44999999999999996,0.08,0.02,0.02,0.45,0.4,0.8905332518635249
0.49999999999999994,0.08,0.02,0.06,0.45,0.45,0.8905135786646621
0.5499999999999999,0.04,0.02,0.08,0.5,0.5,0.8904798266562722
0.44999999999999996,0.06,0.01,0.02,0.5,0.4,0.8904727872515088
0.44999999999999996,0.06,0.03,0.02,0.45,0.4,0.8904622281443637
0.39999999999999997,0.02,0.01,0.02,0.4,0.4,0.8904355155407373
0.44999999999999996,0.04,0.03,0.04,0.4,0.45,0.8904088029371109
0.44999999999999996,0.06,0.01,0.04,0.45,0.4,0.8903982438299658
0.49999999999999994,0.04,0.02,0.08,0.45,0.45,0.8903750509287212
0.49999999999999994,0.08,0.03,0.02,0.5,0.45,0.8903574524168125
0.49999999999999994,0.08,0.02,0.04,0.45,0.5,0.8903412989203313
0.5499999999999999,0.06,0.03,0.06,0.5,0.5,0.8903307398131861
0.44999999999999996,0.02,0.02,0.02,0.45,0.45,0.8903307398131861
0.49999999999999994,0.08,0.03,0.06,0.5,0.4,0.8903272201108045
0.49999999999999994,0.06,0.01,0.08,0.5,0.4,0.8903166610036592
0.49999999999999994,0.02,0.03,0.08,0.5,0.4,0.8903166610036592
0.44999999999999996,0.04,0.02,0.04,0.4,0.5,0.8902913934154603
0.44999999999999996,0.04,0.02,0.02,0.5,0.4,0.890289948400033
0.44999999999999996,0.02,0.01,0.06,0.45,0.4,0.890289948400033
0.44999999999999996,0.04,0.01,0.02,0.45,0.45,0.8902597160940249
0.49999999999999994,0.04,0.03,0.08,0.5,0.4,0.8902561963916431
0.44999999999999996,0.04,0.01,0.06,0.4,0.45,0.8902365231927802
0.44999999999999996,0.02,0.03,0.04,0.4,0.5,0.8902238893986807
0.49999999999999994,0.06,0.02,0.08,0.5,0.4,0.8902189246808716
0.49999999999999994,0.06,0.01,0.08,0.45,0.45,0.8901549403664737
0.44999999999999996,0.04,0.02,0.04,0.45,0.4,0.8901443812593285
0.44999999999999996,0.02,0.03,0.02,0.5,0.4,0.8901443812593285
0.49999999999999994,0.06,0.03,0.04,0.45,0.5,0.8901247080604656
0.49999999999999994,0.02,0.03,0.08,0.45,0.45,0.890121188358084
0.49999999999999994,0.06,0.01,0.02,0.5,0.5,0.8901176686557022
0.5499999999999999,0.06,0.02,0.08,0.5,0.5,0.890087436349694
0.49999999999999994,0.06,0.03,0.06,0.45,0.45,0.8900803969449307
0.49999999999999994,0.04,0.02,0.08,0.5,0.4,0.8900663181354038
0.44999999999999996,0.02,0.03,0.04,0.45,0.4,0.8900360858293956
0.49999999999999994,0.06,0.01,0.06,0.45,0.5,0.8899861803245246
0.49999999999999994,0.04,0.02,0.02,0.5,0.5,0.8899721015149977
0.49999999999999994,0.04,0.03,0.04,0.5,0.45,0.8899685818126161
0.49999999999999994,0.08,0.02,0.08,0.4,0.5,0.8899524283161349
0.49999999999999994,0.02,0.01,0.04,0.5,0.5,0.8899418692089897
0.44999999999999996,0.08,0.01,0.02,0.5,0.4,0.8899418692089897
0.5499999999999999,0.08,0.01,0.08,0.5,0.5,0.8899418692089897
0.39999999999999997,0.04,0.01,0.02,0.4,0.4,0.889938349506608
0.49999999999999994,0.06,0.02,0.04,0.5,0.45,0.8899313101018445
0.44999999999999996,0.02,0.02,0.04,0.5,0.4,0.8899081172005998
0.5499999999999999,0.08,0.03,0.06,0.5,0.5,0.8899045974982182
0.49999999999999994,0.06,0.03,0.08,0.5,0.4,0.8899045974982182
0.44999999999999996,0.06,0.01,0.08,0.4,0.4,0.8898743651922101
0.44999999999999996,0.04,0.03,0.04,0.45,0.4,0.889863806085065
0.49999999999999994,0.08,0.01,0.08,0.5,0.4,0.8898602863826832
0.44999999999999996,0.06,0.02,0.02,0.5,0.4,0.889830054076675
0.44999999999999996,0.02,0.02,0.06,0.4,0.45,0.8898033414730487
0.39999999999999997,0.02,0.02,0.02,0.4,0.4,0.8897927823659035
0.49999999999999994,0.08,0.01,0.04,0.5,0.45,0.8897857429611402
0.44999999999999996,0.06,0.01,0.02,0.45,0.45,0.8897590303575138
0.44999999999999996,0.08,0.03,0.02,0.4,0.5,0.8897569556705595
0.49999999999999994,0.02,0.03,0.02,0.5,0.5,0.889755510655132
0.44999999999999996,0.08,0.02,0.04,0.4,0.45,0.8897358374562692
0.49999999999999994,0.04,0.02,0.06,0.45,0.5,0.8897323177538874
0.44999999999999996,0.08,0.02,0.06,0.4,0.4,0.889725278349124
0.49999999999999994,0.02,0.02,0.06,0.5,0.45,0.889680967233589
0.49999999999999994,0.04,0.01,0.06,0.5,0.45,0.889680967233589
0.44999999999999996,0.04,0.03,0.02,0.5,0.4,0.889680967233589
0.49999999999999994,0.06,0.03,0.08,0.4,0.5,0.8896648137371077
0.44999999999999996,0.04,0.02,0.08,0.4,0.4,0.8896577743323444
0.44999999999999996,0.04,0.01,0.04,0.5,0.4,0.8896542546299626
0.44999999999999996,0.08,0.03,0.02,0.45,0.4,0.8896401758204358
0.44999999999999996,0.08,0.01,0.04,0.45,0.4,0.8896134632168093
0.49999999999999994,0.02,0.03,0.06,0.45,0.5,0.889586750613183
0.5499999999999999,0.04,0.03,0.08,0.5,0.5,0.8895832309108014
0.49999999999999994,0.08,0.01,0.02,0.5,0.5,0.8895797112084196
0.49999999999999994,0.06,0.03,0.04,0.5,0.45,0.8895797112084196
0.44999999999999996,0.06,0.03,0.06,0.4,0.4,0.8895459592000298
0.44999999999999996,0.06,0.02,0.04,0.45,0.4,0.8895389197952663
0.44999999999999996,0.02,0.03,0.08,0.4,0.4,0.8895122071916399
0.44999999999999996,0.02,0.03,0.02,0.45,0.45,0.8895051677868766
0.49999999999999994,0.02,0.02,0.04,0.5,0.5,0.8894784551832502
0.49999999999999994,0.08,0.03,0.06,0.45,0.45,0.8894749354808684
0.44999999999999996,0.02,0.01,0.04,0.45,0.45,0.8894749354808684
0.49999999999999994,0.08,0.02,0.08,0.5,0.4,0.8894714157784868
0.44999999999999996,0.04,0.02,0.02,0.45,0.45,0.8894714157784868
0.44999999999999996,0.02,0.01,0.02,0.45,0.5,0.889448222877242
0.49999999999999994,0.04,0.01,0.04,0.5,0.5,0.8894411834724787
0.49999999999999994,0.08,0.02,0.04,0.5,0.45,0.8894341440677151
0.44999999999999996,0.06,0.03,0.04,0.4,0.45,0.8894109511664705
0.49999999999999994,0.08,0.01,0.08,0.45,0.45,0.8894039117617071
0.49999999999999994,0.04,0.03,0.02,0.5,0.5,0.8894003920593254
0.49999999999999994,0.06,0.02,0.02,0.5,0.5,0.8894003920593254
0.44999999999999996,0.06,0.03,0.02,0.5,0.4,0.8893771991580808
0.44999999999999996,0.08,0.02,0.04,0.45,0.4,0.8893701597533172
0.44999999999999996,0.08,0.02,0.02,0.5,0.4,0.8893399274473093
0.49999999999999994,0.08,0.03,0.04,0.45,0.5,0.8893399274473093
0.49999999999999994,0.02,0.01,0.08,0.45,0.5,0.8893399274473093
0.44999999999999996,0.06,0.03,0.04,0.45,0.4,0.8893328880425457
0.39999999999999997,0.02,0.01,0.02,0.4,0.45,0.8893202542484462
0.39999999999999997,0.04,0.02,0.02,0.4,0.4,0.8892956163317742
0.49999999999999994,0.02,0.03,0.06,0.5,0.45,0.8892885769270109
0.44999999999999996,0.06,0.01,0.06,0.4,0.45,0.8892316320173763
0.49999999999999994,0.08,0.01,0.06,0.45,0.5,0.8892316320173763
0.49999999999999994,0.06,0.02,0.08,0.45,0.45,0.889224592612613
0.44999999999999996,0.04,0.01,0.06,0.45,0.4,0.8892175532078495
0.44999999999999996,0.08,0.03,0.02,0.5,0.4,0.8892049194137499
0.49999999999999994,0.06,0.03,0.02,0.5,0.5,0.8891978800089866
0.44999999999999996,0.06,0.02,0.04,0.4,0.5,0.8891817265125053
0.44999999999999996,0.04,0.03,0.02,0.45,0.45,0.8891606082982151
0.44999999999999996,0.08,0.01,0.04,0.4,0.5,0.8891444548017338
0.44999999999999996,0.02,0.02,0.06,0.45,0.4,0.8891430097863064
0.39999999999999997,0.02,0.03,0.02,0.4,0.4,0.8891198168850618
0.49999999999999994,0.02,0.01,0.08,0.5,0.45,0.88911629718268
0.44999999999999996,0.06,0.02,0.02,0.45,0.45,0.88911629718268
0.44999999999999996,0.04,0.03,0.04,0.4,0.5,0.8890734310825724
0.49999999999999994,0.06,0.01,0.06,0.5,0.45,0.889041753761137
0.49999999999999994,0.04,0.02,0.06,0.5,0.45,0.8890382340587553
0.44999999999999996,0.04,0.01,0.02,0.45,0.5,0.8890291199670375
0.49999999999999994,0.04,0.03,0.08,0.45,0.45,0.8890080017527473
0.39999999999999997,0.06,0.01,0.02,0.4,0.4,0.8890080017527473
0.49999999999999994,0.06,0.01,0.04,0.5,0.5,0.8889777694467391
0.49999999999999994,0.08,0.03,0.04,0.5,0.45,0.8889742497443573
0.44999999999999996,0.06,0.02,0.08,0.4,0.4,0.8889440174383493
0.44999999999999996,0.04,0.01,0.04,0.45,0.45,0.8889404977359676
0.39999999999999997,0.02,0.01,0.02,0.45,0.4,0.888917304834723
0.44999999999999996,0.02,0.01,0.08,0.45,0.4,0.8889067457275778
0.5499999999999999,0.06,0.03,0.08,0.5,0.5,0.8888997063228143
0.5499999999999999,0.08,0.02,0.08,0.5,0.5,0.8888997063228143
0.44999999999999996,0.06,0.01,0.04,0.5,0.4,0.8888729937191879
0.44999999999999996,0.02,0.02,0.04,0.45,0.45,0.8888694740168062
0.44999999999999996,0.04,0.02,0.06,0.4,0.45,0.8888694740168062
0.44999999999999996,0.02,0.01,0.02,0.5,0.45,0.8888659543144245
0.44999999999999996,0.02,0.01,0.08,0.4,0.45,0.88884276141318
0.49999999999999994,0.02,0.03,0.04,0.5,0.5,0.8888357220084164
0.49999999999999994,0.04,0.03,0.06,0.45,0.5,0.8888357220084164
0.49999999999999994,0.04,0.02,0.04,0.5,0.5,0.8888357220084164
0.44999999999999996,0.08,0.01,0.08,0.4,0.4,0.8888357220084164
0.44999999999999996,0.02,0.03,0.04,0.5,0.4,0.8888357220084164
0.39999999999999997,0.02,0.01,0.04,0.4,0.4,0.8888322023060347
0.44999999999999996,0.08,0.01,0.02,0.45,0.45,0.888828682603653
0.49999999999999994,0.08,0.02,0.02,0.5,0.5,0.888828682603653
0.44999999999999996,0.04,0.03,0.04,0.5,0.4,0.8888125291071718
0.44999999999999996,0.02,0.03,0.06,0.4,0.45,0.8887611785868734
0.44999999999999996,0.08,0.03,0.06,0.4,0.4,0.8887576588844917
0.44999999999999996,0.08,0.03,0.04,0.4,0.45,0.8887379856856288
0.44999999999999996,0.02,0.02,0.02,0.5,0.45,0.888734465983247
0.49999999999999994,0.02,0.02,0.08,0.45,0.5,0.8887309462808652
0.44999999999999996,0.08,0.03,0.04,0.45,0.4,0.8887309462808652
0.44999999999999996,0.04,0.02,0.02,0.5,0.45,0.8887077533796206
0.44999999999999996,0.06,0.02,0.04,0.5,0.4,0.8887042336772389
0.39999999999999997,0.04,0.03,0.02,0.4,0.4,0.8887007139748572
0.39999999999999997,0.08,0.01,0.02,0.4,0.4,0.8886936745700937
0.44999999999999996,0.04,0.02,0.06,0.45,0.4,0.8886831154629486
0.49999999999999994,0.08,0.02,0.08,0.45,0.45,0.8886564028593222
0.49999999999999994,0.04,0.03,0.06,0.5,0.45,0.8886528831569405
0.49999999999999994,0.06,0.02,0.06,0.45,0.5,0.8886528831569405
0.44999999999999996,0.02,0.03,0.02,0.5,0.45,0.8886332099580776
0.44999999999999996,0.04,0.01,0.02,0.5,0.45,0.8886261705533142
0.44999999999999996,0.02,0.01,0.06,0.4,0.5,0.8886226508509325
0.49999999999999994,0.04,0.01,0.08,0.45,0.5,0.8886226508509325
0.49999999999999994,0.08,0.03,0.02,0.5,0.5,0.8885924185449243
0.44999999999999996,0.08,0.01,0.06,0.4,0.45,0.8885888988425426
0.49999999999999994,0.02,0.02,0.08,0.5,0.45,0.8885818594377792
0.49999999999999994,0.06,0.02,0.06,0.5,0.45,0.8885783397353975
0.49999999999999994,0.08,0.01,0.06,0.5,0.45,0.8885783397353975
0.44999999999999996,0.02,0.03,0.06,0.45,0.4,0.8885748200330158
0.44999999999999996,0.08,0.01,0.04,0.5,0.4,0.8885621862389163
0.44999999999999996,0.02,0.02,0.02,0.45,0.5,0.8885586665365346
0.5499999999999999,0.08,0.03,0.08,0.5,0.5,0.8885481074293895
0.44999999999999996,0.06,0.01,0.06,0.45,0.4,0.888541068024626
0.49999999999999994,0.08,0.03,0.08,0.4,0.5,0.8885178751233813
0.44999999999999996,0.02,0.01,0.06,0.5,0.4,0.8885108357186179
0.44999999999999996,0.04,0.02,0.04,0.5,0.4,0.8885073160162362
0.39999999999999997,0.02,0.02,0.02,0.45,0.4,0.8884911625197549
0.49999999999999994,0.06,0.02,0.04,0.5,0.5,0.8884841231149915
0.44999999999999996,0.04,0.03,0.08,0.4,0.4,0.8884735640078464
0.49999999999999994,0.04,0.01,0.08,0.5,0.45,0.8884735640078464
0.39999999999999997,0.06,0.02,0.02,0.4,0.4,0.88844685140422
0.39999999999999997,0.04,0.01,0.02,0.45,0.4,0.8884166190982119
0.49999999999999994,0.06,0.01,0.08,0.45,0.5,0.8884130993958301
0.44999999999999996,0.08,0.02,0.02,0.45,0.45,0.8884095796934485
0.49999999999999994,0.06,0.03,0.08,0.45,0.45,0.8883990205863033
0.44999999999999996,0.06,0.01,0.02,0.5,0.45,0.8883793473874404
0.39999999999999997,0.04,0.01,0.04,0.4,0.4,0.8883723079826769
0.44999999999999996,0.06,0.01,0.04,0.45,0.45,0.8883723079826769
0.44999999999999996,0.06,0.03,0.02,0.45,0.45,0.8883385559742871
0.49999999999999994,0.02,0.01,0.06,0.5,0.5,0.8883315165695237
0.39999999999999997,0.02,0.02,0.02,0.4,0.45,0.888278091362271
0.44999999999999996,0.02,0.03,0.04,0.45,0.45,0.8882710519575076
0.49999999999999994,0.04,0.03,0.04,0.5,0.5,0.8882710519575076
0.49999999999999994,0.08,0.03,0.08,0.5,0.4,0.8882534534455989
0.44999999999999996,0.06,0.03,0.04,0.4,0.5,0.8882443393538811
0.44999999999999996,0.08,0.02,0.04,0.4,0.5,0.8882443393538811
0.49999999999999994,0.06,0.03,0.06,0.5,0.45,0.8882302605443543
0.39999999999999997,0.04,0.02,0.02,0.45,0.4,0.8882070676431095
0.49999999999999994,0.08,0.02,0.06,0.5,0.45,0.8881929888335828
0.39999999999999997,0.02,0.02,0.04,0.4,0.4,0.8881929888335828
0.44999999999999996,0.08,0.01,0.02,0.5,0.45,0.888169795932338
0.44999999999999996,0.04,0.02,0.02,0.45,0.5,0.888169795932338
0.44999999999999996,0.04,0.01,0.06,0.5,0.4,0.8881662762299564
0.49999999999999994,0.08,0.02,0.06,0.45,0.5,0.8881557171228112
0.39999999999999997,0.06,0.01,0.02,0.45,0.4,0.8881360439239483
0.44999999999999996,0.04,0.03,0.02,0.5,0.45,0.8881325242215665
0.44999999999999996,0.02,0.03,0.02,0.45,0.5,0.8881325242215665
0.44999999999999996,0.02,0.02,0.08,0.4,0.45,0.8881254848168031
0.44999999999999996,0.06,0.02,0.06,0.4,0.45,0.8881219651144214
0.44999999999999996,0.04,0.02,0.04,0.45,0.45,0.8881184454120397
0.44999999999999996,0.08,0.02,0.04,0.5,0.4,0.8881022919155586
0.44999999999999996,0.06,0.02,0.02,0.5,0.45,0.888095252510795
0.44999999999999996,0.04,0.01,0.08,0.4,0.45,0.8880882131060316
0.44999999999999996,0.06,0.02,0.06,0.45,0.4,0.8880846934036499
0.44999999999999996,0.04,0.03,0.06,0.45,0.4,0.8880811737012682
0.44999999999999996,0.06,0.03,0.04,0.5,0.4,0.888065020204787
0.49999999999999994,0.08,0.01,0.04,0.5,0.5,0.8880439019904967
0.44999999999999996,0.02,0.02,0.06,0.5,0.4,0.888020709089252
0.44999999999999996,0.08,0.02,0.08,0.4,0.4,0.8880136696844885
0.49999999999999994,0.04,0.01,0.06,0.5,0.5,0.8880101499821069
0.44999999999999996,0.06,0.03,0.08,0.4,0.4,0.8879728782713353
0.44999999999999996,0.06,0.01,0.02,0.45,0.5,0.8879532050724723
0.44999999999999996,0.04,0.03,0.04,0.45,0.45,0.8879496853700907
0.49999999999999994,0.06,0.03,0.06,0.45,0.5,0.8879391262629455
0.44999999999999996,0.02,0.02,0.06,0.4,0.5,0.8879194530640826
0.44999999999999996,0.02,0.01,0.04,0.5,0.45,0.8879159333617008
0.39999999999999997,0.06,0.03,0.02,0.4,0.4,0.887912413659319
0.49999999999999994,0.06,0.03,0.04,0.5,0.5,0.887912413659319
0.44999999999999996,0.04,0.03,0.02,0.45,0.5,0.8878821813533111
0.49999999999999994,0.02,0.02,0.06,0.5,0.5,0.8878681025437842
0.39999999999999997,0.02,0.03,0.02,0.45,0.4,0.8878449096425396
0.49999999999999994,0.08,0.03,0.06,0.5,0.45,0.8878449096425396
0.44999999999999996,0.04,0.01,0.06,0.4,0.5,0.8878449096425396
0.39999999999999997,0.04,0.01,0.02,0.4,0.45,0.8878449096425396
0.39999999999999997,0.02,0.03,0.02,0.4,0.45,0.8878111576341496
0.39999999999999997,0.08,0.03,0.02,0.4,0.4,0.8878111576341496
0.44999999999999996,0.02,0.01,0.04,0.45,0.5,0.8878076379317681
0.44999999999999996,0.08,0.01,0.04,0.45,0.45,0.8878041182293863
0.39999999999999997,0.08,0.02,0.02,0.4,0.4,0.8878041182293863
0.44999999999999996,0.08,0.03,0.02,0.45,0.45,0.8878005985270045
0.49999999999999994,0.02,0.03,0.08,0.5,0.45,0.8877970788246228
0.44999999999999996,0.04,0.03,0.06,0.4,0.45,0.8877935591222411
0.44999999999999996,0.02,0.02,0.08,0.45,0.4,0.8877935591222411
0.49999999999999994,0.02,0.03,0.06,0.5,0.5,0.8877738859233781
0.39999999999999997,0.02,0.03,0.04,0.4,0.4,0.8877703662209965
0.44999999999999996,0.08,0.01,0.06,0.45,0.4,0.8877562874114695
0.44999999999999996,0.02,0.02,0.04,0.5,0.45,0.8877436536173701
0.44999999999999996,0.06,0.03,0.06,0.45,0.4,0.8877366142126066
0.39999999999999997,0.04,0.02,0.04,0.4,0.4,0.887733094510225
0.44999999999999996,0.04,0.01,0.08,0.45,0.4,0.887719015700698
0.44999999999999996,0.04,0.01,0.04,0.5,0.45,0.8877063819065986
0.39999999999999997,0.04,0.02,0.02,0.4,0.45,0.8877028622042169
0.49999999999999994,0.04,0.02,0.06,0.5,0.5,0.8876993425018351
0.49999999999999994,0.04,0.03,0.08,0.5,0.45,0.8876958227994534
0.49999999999999994,0.08,0.02,0.04,0.5,0.5,0.8876958227994534
0.49999999999999994,0.08,0.03,0.08,0.45,0.45,0.88768878339469
0.49999999999999994,0.04,0.02,0.08,0.5,0.45,0.8876852636923083
0.44999999999999996,0.06,0.01,0.08,0.4,0.45,0.8876620707910636
0.44999999999999996,0.06,0.02,0.04,0.45,0.45,0.8876620707910636
0.39999999999999997,0.06,0.01,0.04,0.4,0.4,0.8876620707910636
0.44999999999999996,0.02,0.01,0.06,0.45,0.45,0.8876515116839185
0.39999999999999997,0.02,0.01,0.04,0.45,0.4,0.887638877889819
0.49999999999999994,0.08,0.03,0.06,0.45,0.5,0.8876283187826738
0.44999999999999996,0.08,0.02,0.06,0.4,0.45,0.8876283187826738
0.49999999999999994,0.04,0.02,0.08,0.45,0.5,0.8876212793779104
0.49999999999999994,0.06,0.01,0.08,0.5,0.45,0.8876142399731469
0.44999999999999996,0.08,0.02,0.06,0.45,0.4,0.8875875273695205
0.49999999999999994,0.02,0.03,0.08,0.45,0.5,0.8875840076671389
0.44999999999999996,0.04,0.02,0.06,0.5,0.4,0.8875608147658942
0.44999999999999996,0.06,0.02,0.02,0.45,0.5,0.8875572950635124
0.39999999999999997,0.02,0.01,0.02,0.5,0.4,0.8874933107491145
0.39999999999999997,0.06,0.01,0.02,0.4,0.45,0.8874862713443512
0.49999999999999994,0.08,0.01,0.08,0.5,0.45,0.8874792319395877
0.44999999999999996,0.02,0.03,0.08,0.45,0.4,0.8874792319395877
0.44999999999999996,0.06,0.02,0.08,0.45,0.4,0.8874595587407248
0.44999999999999996,0.06,0.01,0.06,0.5,0.4,0.8874525193359614
0.44999999999999996,0.06,0.03,0.06,0.4,0.45,0.8874489996335796
0.44999999999999996,0.02,0.01,0.02,0.5,0.5,0.8874489996335796
0.44999999999999996,0.08,0.01,0.02,0.45,0.5,0.8874489996335796
0.44999999999999996,0.02,0.02,0.06,0.45,0.45,0.8874489996335796
0.49999999999999994,0.08,0.02,0.08,0.5,0.45,0.8874187673275715
0.44999999999999996,0.04,0.01,0.04,0.45,0.5,0.8874187673275715
0.44999999999999996,0.06,0.03,0.04,0.45,0.45,0.8873814956168
0.49999999999999994,0.08,0.03,0.04,0.5,0.5,0.8873779759144182
0.44999999999999996,0.08,0.03,0.04,0.5,0.4,0.8873477436084102
0.49999999999999994,0.04,0.03,0.06,0.5,0.5,0.8873442239060285
0.49999999999999994,0.06,0.01,0.06,0.5,0.5,0.8873336647988833
0.44999999999999996,0.02,0.01,0.08,0.5,0.4,0.8873104718976386
0.44999999999999996,0.06,0.03,0.02,0.5,0.45,0.887306952195257
0.44999999999999996,0.04,0.01,0.06,0.45,0.45,0.8872999127904935
0.49999999999999994,0.06,0.02,0.08,0.5,0.45,0.8872963930881118
0.44999999999999996,0.08,0.02,0.02,0.5,0.45,0.8872732001868671
0.44999999999999996,0.08,0.02,0.04,0.45,0.45,0.8872732001868671
0.44999999999999996,0.02,0.02,0.04,0.45,0.5,0.8872696804844855
0.44999999999999996,0.06,0.01,0.08,0.45,0.4,0.887262641079722
0.44999999999999996,0.04,0.02,0.08,0.45,0.4,0.8872591213773402
0.44999999999999996,0.02,0.03,0.06,0.5,0.4,0.8872324087737139
0.44999999999999996,0.06,0.01,0.06,0.4,0.5,0.8872056961700875
0.44999999999999996,0.04,0.03,0.08,0.45,0.4,0.887168424459316
0.44999999999999996,0.04,0.01,0.02,0.5,0.5,0.887168424459316
0.39999999999999997,0.06,0.02,0.04,0.4,0.4,0.8871649047569343
0.39999999999999997,0.02,0.01,0.06,0.4,0.4,0.8871578653521709
0.44999999999999996,0.06,0.01,0.04,0.5,0.45,0.8871346724509261
0.39999999999999997,0.08,0.01,0.02,0.45,0.4,0.8871311527485445
0.39999999999999997,0.02,0.01,0.04,0.4,0.45,0.8871311527485445
0.44999999999999996,0.04,0.02,0.04,0.5,0.45,0.8870974007401546
0.39999999999999997,0.04,0.03,0.02,0.45,0.4,0.8870938810377729
0.49999999999999994,0.08,0.01,0.06,0.5,0.5,0.8870938810377729
0.44999999999999996,0.04,0.02,0.08,0.4,0.45,0.8870833219306278
0.49999999999999994,0.06,0.03,0.08,0.5,0.45,0.8870601290293831
0.44999999999999996,0.08,0.03,0.04,0.4,0.5,0.8870601290293831
0.39999999999999997,0.04,0.03,0.04,0.4,0.4,0.8870566093270014
0.44999999999999996,0.08,0.03,0.08,0.4,0.4,0.8870460502198563
0.39999999999999997,0.02,0.01,0.02,0.45,0.45,0.8870263770209934
0.44999999999999996,0.08,0.03,0.06,0.4,0.45,0.8870228573186116
0.39999999999999997,0.08,0.01,0.02,0.4,0.45,0.8870228573186116
0.39999999999999997,0.06,0.02,0.02,0.45,0.4,0.8870193376162299
0.44999999999999996,0.08,0.02,0.02,0.45,0.5,0.8870193376162299
0.44999999999999996,0.02,0.03,0.04,0.45,0.5,0.8869926250126036
0.44999999999999996,0.04,0.03,0.06,0.5,0.4,0.8869891053102218
0.44999999999999996,0.04,0.02,0.06,0.4,0.5,0.8869891053102218
0.44999999999999996,0.06,0.03,0.02,0.45,0.5,0.8869855856078401
0.49999999999999994,0.06,0.02,0.06,0.5,0.5,0.8869820659054584
0.44999999999999996,0.04,0.02,0.04,0.45,0.5,0.886955353301832
0.44999999999999996,0.08,0.03,0.06,0.45,0.4,0.8869518335994503
0.44999999999999996,0.02,0.03,0.04,0.5,0.45,0.8869518335994503
0.44999999999999996,0.02,0.03,0.06,0.4,0.5,0.8869180815910604
0.44999999999999996,0.02,0.02,0.02,0.5,0.5,0.8869145618886788
0.49999999999999994,0.04,0.03,0.08,0.45,0.5,0.8869075224839154
0.39999999999999997,0.08,0.01,0.04,0.4,0.4,0.8868772901779072
0.44999999999999996,0.04,0.02,0.06,0.45,0.45,0.8868772901779072
0.44999999999999996,0.02,0.03,0.08,0.4,0.45,0.8868737704755255
0.49999999999999994,0.08,0.01,0.08,0.45,0.5,0.8868667310707621
0.49999999999999994,0.02,0.01,0.08,0.5,0.5,0.8868667310707621
0.39999999999999997,0.04,0.01,0.04,0.45,0.4,0.8868470578718991
0.44999999999999996,0.06,0.01,0.04,0.45,0.5,0.8868470578718991
0.44999999999999996,0.08,0.01,0.08,0.45,0.4,0.8868400184671357
0.44999999999999996,0.02,0.03,0.06,0.45,0.45,0.8868400184671357
0.49999999999999994,0.06,0.02,0.08,0.45,0.5,0.8868294593599906
0.39999999999999997,0.02,0.02,0.04,0.45,0.4,0.8868097861611276
0.44999999999999996,0.08,0.01,0.06,0.5,0.4,0.8868097861611276
0.44999999999999996,0.06,0.01,0.06,0.45,0.45,0.8868062664587459
0.39999999999999997,0.04,0.03,0.02,0.4,0.45,0.8868062664587459
0.39999999999999997,0.04,0.01,0.02,0.5,0.4,0.8867387624419663
0.39999999999999997,0.02,0.02,0.02,0.5,0.4,0.8867387624419663
0.44999999999999996,0.02,0.01,0.08,0.4,0.5,0.8867352427395845
0.44999999999999996,0.06,0.02,0.06,0.5,0.4,0.8867352427395845
0.44999999999999996,0.06,0.01,0.02,0.5,0.5,0.8867050104335765
0.44999999999999996,0.04,0.01,0.08,0.5,0.4,0.886667738722805
0.44999999999999996,0.06,0.02,0.08,0.4,0.45,0.8866642190204232
0.39999999999999997,0.06,0.02,0.02,0.4,0.45,0.8866606993180415
0.49999999999999994,0.06,0.03,0.08,0.45,0.5,0.8866606993180415
0.49999999999999994,0.04,0.01,0.08,0.5,0.5,0.88662342760727
0.44999999999999996,0.04,0.03,0.06,0.4,0.5,0.8865967150036436
0.49999999999999994,0.08,0.02,0.08,0.45,0.5,0.8865896755988802
0.44999999999999996,0.04,0.02,0.02,0.5,0.5,0.8865594432928721
0.39999999999999997,0.06,0.03,0.02,0.45,0.4,0.8865559235904903
0.39999999999999997,0.02,0.01,0.02,0.4,0.5,0.8865524038881086
0.44999999999999996,0.04,0.01,0.08,0.4,0.5,0.8865256912844823
0.44999999999999996,0.02,0.02,0.08,0.4,0.5,0.8865256912844823
0.39999999999999997,0.08,0.02,0.02,0.45,0.4,0.8865256912844823
0.44999999999999996,0.02,0.03,0.02,0.5,0.5,0.8865221715821006
0.44999999999999996,0.08,0.03,0.02,0.5,0.45,0.8865186518797188
0.44999999999999996,0.08,0.01,0.06,0.4,0.5,0.8864884195737108
0.44999999999999996,0.04,0.03,0.08,0.4,0.45,0.8864813801689473
0.39999999999999997,0.06,0.03,0.04,0.4,0.4,0.8864511478629393
0.44999999999999996,0.08,0.03,0.04,0.45,0.45,0.8864476281605576
0.39999999999999997,0.02,0.02,0.06,0.4,0.4,0.8864441084581758
0.44999999999999996,0.06,0.03,0.06,0.5,0.4,0.8864173958545494
0.44999999999999996,0.06,0.02,0.06,0.4,0.5,0.8864173958545494
0.44999999999999996,0.08,0.03,0.02,0.45,0.5,0.8864138761521677
0.39999999999999997,0.04,0.01,0.06,0.4,0.4,0.8864068367474043
0.44999999999999996,0.04,0.03,0.04,0.5,0.45,0.8863801241437779
0.44999999999999996,0.06,0.02,0.04,0.5,0.45,0.8863801241437779
0.44999999999999996,0.08,0.02,0.08,0.45,0.4,0.8863801241437779
0.49999999999999994,0.02,0.02,0.08,0.5,0.5,0.8863695650366328
0.49999999999999994,0.08,0.03,0.08,0.5,0.45,0.8863428524330064
0.44999999999999996,0.02,0.01,0.06,0.5,0.45,0.8863428524330064
0.44999999999999996,0.02,0.02,0.08,0.5,0.4,0.8863428524330064
0.39999999999999997,0.02,0.02,0.02,0.45,0.45,0.8863091004246165
0.44999999999999996,0.02,0.01,0.08,0.45,0.45,0.8862985413174714
0.39999999999999997,0.04,0.01,0.02,0.45,0.45,0.8862753484162267
0.44999999999999996,0.08,0.01,0.04,0.5,0.45,0.8862380767054552
0.44999999999999996,0.08,0.01,0.08,0.4,0.45,0.8862275175983101
0.39999999999999997,0.06,0.03,0.02,0.4,0.45,0.8862008049946837
0.44999999999999996,0.08,0.02,0.06,0.5,0.4,0.8861635332839122
0.39999999999999997,0.02,0.02,0.04,0.4,0.45,0.8861635332839122
0.44999999999999996,0.06,0.02,0.02,0.5,0.5,0.8861297812755224
0.39999999999999997,0.04,0.01,0.04,0.4,0.45,0.8861262615731407
0.39999999999999997,0.08,0.02,0.02,0.4,0.45,0.8860925095647508
0.39999999999999997,0.08,0.02,0.04,0.4,0.4,0.8860925095647508
0.49999999999999994,0.08,0.03,0.08,0.45,0.5,0.8860517181515977
0.44999999999999996,0.02,0.01,0.06,0.45,0.5,0.8860214858455895
0.39999999999999997,0.02,0.03,0.04,0.45,0.4,0.885984214134818
0.44999999999999996,0.04,0.03,0.02,0.5,0.5,0.885984214134818
0.49999999999999994,0.08,0.02,0.06,0.5,0.5,0.8859806944324362
0.39999999999999997,0.06,0.01,0.04,0.45,0.4,0.8859504621264283
0.44999999999999996,0.04,0.01,0.06,0.5,0.45,0.8859504621264283
0.44999999999999996,0.06,0.03,0.08,0.45,0.4,0.8859469424240465
0.49999999999999994,0.06,0.03,0.06,0.5,0.5,0.8859434227216647
0.39999999999999997,0.04,0.02,0.04,0.45,0.4,0.8859131904156567
0.35,0.02,0.01,0.02,0.4,0.4,0.8858794384072669
0.44999999999999996,0.08,0.01,0.02,0.5,0.5,0.8858794384072669
0.39999999999999997,0.02,0.03,0.02,0.5,0.4,0.8858794384072669
0.39999999999999997,0.02,0.02,0.02,0.4,0.5,0.8858759187048851
0.44999999999999996,0.06,0.02,0.04,0.45,0.5,0.8858759187048851
0.49999999999999994,0.06,0.01,0.08,0.5,0.5,0.8858723990025035
0.44999999999999996,0.02,0.01,0.04,0.5,0.5,0.8858421666964953
0.44999999999999996,0.02,0.02,0.08,0.45,0.45,0.8858386469941136
0.39999999999999997,0.08,0.03,0.04,0.4,0.4,0.8858084146881056
0.44999999999999996,0.02,0.02,0.06,0.5,0.45,0.8858048949857238
0.44999999999999996,0.06,0.03,0.08,0.4,0.45,0.8858048949857238
0.49999999999999994,0.04,0.02,0.08,0.5,0.5,0.8857978555809604
0.49999999999999994,0.02,0.03,0.08,0.5,0.5,0.8857978555809604
0.39999999999999997,0.08,0.03,0.02,0.45,0.4,0.8857711429773341
0.44999999999999996,0.02,0.02,0.04,0.5,0.5,0.8857711429773341
0.44999999999999996,0.06,0.01,0.08,0.5,0.4,0.8857711429773341
0.44999999999999996,0.08,0.01,0.06,0.45,0.45,0.8857676232749523
0.44999999999999996,0.04,0.03,0.04,0.45,0.5,0.8857676232749523
0.39999999999999997,0.06,0.01,0.02,0.5,0.4,0.8857676232749523
0.49999999999999994,0.08,0.03,0.06,0.5,0.5,0.8857338712665624
0.39999999999999997,0.02,0.03,0.02,0.45,0.45,0.8857001192581726
0.44999999999999996,0.04,0.01,0.04,0.5,0.5,0.8857001192581726
0.44999999999999996,0.04,0.01,0.08,0.45,0.45,0.8856930798534093
0.39999999999999997,0.04,0.01,0.02,0.4,0.5,0.8856593278450193
0.44999999999999996,0.04,0.03,0.06,0.45,0.45,0.8856558081426378
0.44999999999999996,0.08,0.02,0.08,0.4,0.45,0.8856558081426378
0.44999999999999996,0.06,0.03,0.02,0.5,0.5,0.8856290955390114
0.44999999999999996,0.06,0.03,0.04,0.5,0.45,0.8855918238282399
0.44999999999999996,0.04,0.02,0.08,0.5,0.4,0.8855918238282399
0.39999999999999997,0.04,0.02,0.02,0.5,0.4,0.8855883041258581
0.44999999999999996,0.08,0.01,0.04,0.45,0.5,0.8855883041258581
0.44999999999999996,0.08,0.02,0.06,0.4,0.5,0.8855545521174684
0.44999999999999996,0.08,0.03,0.06,0.5,0.4,0.8855545521174684
0.44999999999999996,0.06,0.02,0.06,0.45,0.45,0.8855475127127048
0.39999999999999997,0.06,0.01,0.02,0.45,0.45,0.8855208001090784
0.39999999999999997,0.02,0.01,0.04,0.5,0.4,0.8855208001090784
0.44999999999999996,0.08,0.02,0.02,0.5,0.5,0.8854870481006887
0.44999999999999996,0.08,0.02,0.04,0.5,0.45,0.8854835283983069
0.44999999999999996,0.06,0.01,0.08,0.4,0.5,0.8854800086959252
0.44999999999999996,0.02,0.03,0.08,0.5,0.4,0.8854800086959252
0.39999999999999997,0.02,0.01,0.06,0.45,0.4,0.8854462566875354
0.39999999999999997,0.02,0.03,0.06,0.4,0.4,0.8854427369851536
0.39999999999999997,0.06,0.02,0.02,0.45,0.45,0.8853822723731375
0.44999999999999996,0.08,0.03,0.08,0.4,0.45,0.8853787526707558
0.39999999999999997,0.04,0.02,0.02,0.45,0.45,0.8853752329683742
0.39999999999999997,0.04,0.03,0.02,0.5,0.4,0.8853752329683742
0.44999999999999996,0.04,0.02,0.08,0.4,0.5,0.8853752329683742
0.39999999999999997,0.02,0.03,0.04,0.4,0.45,0.8853717132659924
0.39999999999999997,0.04,0.02,0.06,0.4,0.4,0.8853681935636106
0.35,0.02,0.02,0.02,0.4,0.4,0.8853414809599843
0.44999999999999996,0.02,0.03,0.08,0.4,0.5,0.8853414809599843
0.44999999999999996,0.06,0.03,0.06,0.4,0.5,0.8853379612576027
0.35,0.04,0.01,0.02,0.4,0.4,0.8853077289515945
0.39999999999999997,0.06,0.01,0.06,0.4,0.4,0.8852971698444494
0.44999999999999996,0.08,0.02,0.06,0.45,0.45,0.885270457240823
0.44999999999999996,0.08,0.03,0.08,0.45,0.4,0.8852669375384412
0.39999999999999997,0.06,0.02,0.02,0.5,0.4,0.8852669375384412
0.39999999999999997,0.08,0.01,0.02,0.45,0.45,0.8852367052324331
0.39999999999999997,0.02,0.01,0.08,0.4,0.4,0.8852296658276697
0.44999999999999996,0.08,0.03,0.02,0.5,0.5,0.8852029532240433
0.39999999999999997,0.02,0.01,0.04,0.45,0.45,0.8851994335216616
0.44999999999999996,0.08,0.03,0.04,0.5,0.45,0.8851994335216616
0.44999999999999996,0.04,0.02,0.06,0.5,0.45,0.8851959138192799
0.49999999999999994,0.08,0.01,0.08,0.5,0.5,0.8851923941168982
0.44999999999999996,0.08,0.01,0.08,0.4,0.5,0.8851656815132718
0.44999999999999996,0.04,0.02,0.04,0.5,0.5,0.8851656815132718
0.39999999999999997,0.04,0.03,0.02,0.45,0.45,0.88516216181089
0.39999999999999997,0.02,0.01,0.02,0.5,0.45,0.88516216181089
0.39999999999999997,0.08,0.01,0.04,0.45,0.4,0.8851284098025003
0.44999999999999996,0.08,0.01,0.08,0.5,0.4,0.8851248901001185
0.39999999999999997,0.02,0.03,0.02,0.4,0.5,0.8851213703977369
0.39999999999999997,0.08,0.03,0.02,0.4,0.45,0.8851213703977369
0.49999999999999994,0.04,0.03,0.08,0.5,0.5,0.8851178506953552
0.44999999999999996,0.04,0.03,0.08,0.5,0.4,0.8850911380917288
0.39999999999999997,0.04,0.01,0.04,0.5,0.4,0.8850911380917288
0.44999999999999996,0.06,0.03,0.06,0.45,0.45,0.885087618389347
0.39999999999999997,0.04,0.03,0.04,0.45,0.4,0.885087618389347
0.49999999999999994,0.06,0.02,0.08,0.5,0.5,0.8850840986869652
0.44999999999999996,0.02,0.03,0.04,0.5,0.5,0.885057386083339
0.44999999999999996,0.06,0.01,0.04,0.5,0.5,0.885057386083339
0.44999999999999996,0.06,0.02,0.08,0.4,0.5,0.885057386083339
0.39999999999999997,0.06,0.02,0.04,0.45,0.4,0.8850538663809573
0.44999999999999996,0.06,0.03,0.04,0.45,0.5,0.8850503466785755
0.44999999999999996,0.08,0.02,0.04,0.45,0.5,0.8850503466785755
0.39999999999999997,0.06,0.03,0.02,0.5,0.4,0.8850201143725674
0.39999999999999997,0.04,0.03,0.06,0.4,0.4,0.8850165946701858
0.39999999999999997,0.08,0.01,0.02,0.5,0.4,0.8850165946701858
0.44999999999999996,0.06,0.01,0.06,0.5,0.45,0.8850165946701858
0.44999999999999996,0.02,0.02,0.06,0.45,0.5,0.8850165946701858
0.44999999999999996,0.06,0.02,0.08,0.5,0.4,0.8850165946701858
0.44999999999999996,0.02,0.03,0.08,0.45,0.45,0.885013074967804
0.39999999999999997,0.06,0.01,0.04,0.4,0.45,0.885013074967804
0.39999999999999997,0.04,0.02,0.02,0.4,0.5,0.885013074967804
0.39999999999999997,0.06,0.01,0.02,0.4,0.5,0.885013074967804
0.44999999999999996,0.06,0.01,0.08,0.45,0.45,0.8849828426617959
0.44999999999999996,0.02,0.03,0.06,0.5,0.45,0.8849793229594142
0.44999999999999996,0.04,0.02,0.08,0.45,0.45,0.8849455709510243
0.39999999999999997,0.04,0.02,0.04,0.4,0.45,0.884938531546261
0.44999999999999996,0.08,0.03,0.04,0.45,0.5,0.8849118189426346
0.44999999999999996,0.08,0.03,0.06,0.45,0.45,0.8849118189426346
0.39999999999999997,0.02,0.01,0.06,0.4,0.45,0.8849082992402528
0.44999999999999996,0.06,0.03,0.08,0.5,0.4,0.8848780669342449
0.44999999999999996,0.04,0.03,0.08,0.4,0.5,0.8848745472318631
0.39999999999999997,0.06,0.02,0.06,0.4,0.4,0.8848745472318631
0.44999999999999996,0.02,0.01,0.08,0.5,0.45,0.8848407952234733
0.49999999999999994,0.08,0.02,0.08,0.5,0.5,0.8848407952234733
0.44999999999999996,0.04,0.01,0.06,0.45,0.5,0.8848372755210916
0.35,0.04,0.02,0.02,0.4,0.4,0.8848070432150834
0.39999999999999997,0.02,0.02,0.04,0.5,0.4,0.8848035235127018
0.35,0.06,0.01,0.02,0.4,0.4,0.8847697715043119
0.39999999999999997,0.04,0.01,0.08,0.4,0.4,0.8847697715043119
0.39999999999999997,0.08,0.02,0.02,0.45,0.45,0.8847360194959222
0.39999999999999997,0.02,0.02,0.08,0.4,0.4,0.8847324997935404
0.49999999999999994,0.06,0.03,0.08,0.5,0.5,0.8847324997935404
0.44999999999999996,0.08,0.02,0.08,0.5,0.4,0.8847324997935404
0.44999999999999996,0.08,0.03,0.06,0.4,0.5,0.8847289800911586
0.44999999999999996,0.06,0.02,0.04,0.5,0.5,0.8846987477851506
0.39999999999999997,0.02,0.02,0.04,0.45,0.45,0.8846987477851506
0.39999999999999997,0.08,0.02,0.02,0.5,0.4,0.8846952280827689
0.39999999999999997,0.08,0.01,0.06,0.4,0.4,0.8846917083803871
0.39999999999999997,0.04,0.03,0.04,0.4,0.45,0.8846917083803871
0.39999999999999997,0.08,0.02,0.04,0.45,0.4,0.8846614760743791
0.39999999999999997,0.02,0.03,0.04,0.5,0.4,0.8846277240659892
0.39999999999999997,0.06,0.03,0.02,0.45,0.45,0.8846277240659892
0.39999999999999997,0.02,0.01,0.04,0.4,0.5,0.8846206846612258
0.39999999999999997,0.02,0.02,0.02,0.45,0.5,0.8845904523552177
0.39999999999999997,0.02,0.01,0.02,0.45,0.5,0.8845869326528359
0.39999999999999997,0.02,0.02,0.02,0.5,0.45,0.8845531806444462
0.39999999999999997,0.06,0.03,0.04,0.45,0.4,0.8845159089336747
0.39999999999999997,0.08,0.01,0.04,0.4,0.45,0.8845123892312929
0.39999999999999997,0.04,0.02,0.02,0.5,0.45,0.8844856766276665
0.39999999999999997,0.08,0.03,0.02,0.5,0.4,0.8844821569252849
0.44999999999999996,0.04,0.03,0.04,0.5,0.5,0.8844821569252849
0.35,0.02,0.03,0.02,0.4,0.4,0.8844821569252849
0.39999999999999997,0.04,0.01,0.04,0.45,0.45,0.8844821569252849
0.39999999999999997,0.04,0.01,0.02,0.5,0.45,0.8844786372229032
0.44999999999999996,0.02,0.03,0.06,0.45,0.5,0.8844751175205214
0.44999999999999996,0.08,0.02,0.08,0.4,0.5,0.884448404916895
0.39999999999999997,0.06,0.01,0.04,0.5,0.4,0.884448404916895
0.44999999999999996,0.04,0.03,0.08,0.45,0.45,0.884448404916895
0.49999999999999994,0.08,0.03,0.08,0.5,0.5,0.884448404916895
0.39999999999999997,0.04,0.01,0.02,0.45,0.5,0.8844448852145134
0.44999999999999996,0.08,0.01,0.08,0.45,0.45,0.8844111332061235
0.44999999999999996,0.08,0.01,0.04,0.5,0.5,0.8844111332061235
0.39999999999999997,0.04,0.02,0.04,0.5,0.4,0.8844111332061235
0.39999999999999997,0.06,0.02,0.04,0.4,0.45,0.8844040938013601
0.44999999999999996,0.02,0.01,0.08,0.45,0.5,0.884373861495352
0.39999999999999997,0.04,0.03,0.02,0.4,0.5,0.8843633023882069
0.39999999999999997,0.06,0.02,0.02,0.4,0.5,0.884329550379817
0.39999999999999997,0.04,0.03,0.04,0.5,0.4,0.8843098771809541
0.35,0.02,0.01,0.02,0.45,0.4,0.8843028377761908
0.39999999999999997,0.04,0.01,0.06,0.45,0.4,0.884299318073809
0.39999999999999997,0.08,0.02,0.06,0.4,0.4,0.884299318073809
0.39999999999999997,0.06,0.03,0.06,0.4,0.4,0.884299318073809
0.35,0.02,0.01,0.02,0.4,0.45,0.8842690857678008
0.44999999999999996,0.06,0.02,0.08,0.45,0.45,0.8842690857678008
0.44999999999999996,0.08,0.01,0.06,0.5,0.45,0.8842655660654192
0.39999999999999997,0.02,0.02,0.06,0.45,0.4,0.8842620463630375
0.39999999999999997,0.02,0.03,0.02,0.5,0.45,0.8842318140570293
0.39999999999999997,0.06,0.01,0.02,0.5,0.45,0.8842318140570293
0.39999999999999997,0.06,0.01,0.02,0.45,0.5,0.8842318140570293
0.35,0.04,0.03,0.02,0.4,0.4,0.8842318140570293
0.39999999999999997,0.08,0.01,0.02,0.4,0.5,0.8842212549498842
0.44999999999999996,0.06,0.03,0.08,0.45,0.45,0.8841980620486396
0.39999999999999997,0.02,0.03,0.02,0.45,0.5,0.8841945423462578
0.44999999999999996,0.08,0.03,0.08,0.5,0.4,0.884160790337868
0.44999999999999996,0.06,0.02,0.06,0.45,0.5,0.8841572706354863
0.44999999999999996,0.04,0.02,0.06,0.45,0.5,0.8841537509331046
0.44999999999999996,0.04,0.03,0.06,0.5,0.45,0.8841537509331046
0.44999999999999996,0.06,0.03,0.08,0.4,0.5,0.8841235186270965
0.44999999999999996,0.02,0.01,0.06,0.5,0.5,0.8841199989247148
0.44999999999999996,0.06,0.01,0.06,0.45,0.5,0.884116479222333
0.39999999999999997,0.02,0.02,0.06,0.4,0.45,0.884116479222333
0.39999999999999997,0.02,0.03,0.08,0.4,0.4,0.8840932863210884
0.44999999999999996,0.06,0.03,0.04,0.5,0.5,0.884086246916325
0.39999999999999997,0.08,0.03,0.06,0.4,0.4,0.8840524949079351
0.39999999999999997,0.08,0.03,0.04,0.45,0.4,0.8840524949079351
0.35,0.06,0.02,0.02,0.4,0.4,0.8840524949079351
0.39999999999999997,0.06,0.02,0.02,0.5,0.45,0.8840524949079351
0.39999999999999997,0.04,0.02,0.02,0.45,0.5,0.8840524949079351
0.44999999999999996,0.08,0.01,0.06,0.45,0.5,0.8840489752055534
0.39999999999999997,0.04,0.01,0.06,0.4,0.45,0.8840454555031717
0.44999999999999996,0.06,0.02,0.06,0.5,0.45,0.8840454555031717
0.39999999999999997,0.02,0.02,0.04,0.4,0.5,0.8840454555031717
0.35,0.02,0.02,0.02,0.45,0.4,0.8840187428995454
0.39999999999999997,0.06,0.01,0.08,0.4,0.4,0.8840187428995454
0.39999999999999997,0.08,0.03,0.02,0.45,0.45,0.8840152231971636
0.39999999999999997,0.08,0.02,0.04,0.4,0.45,0.8840117034947819
0.39999999999999997,0.06,0.03,0.04,0.4,0.45,0.8840117034947819
0.39999999999999997,0.04,0.02,0.08,0.4,0.4,0.8839849908911556
0.39999999999999997,0.04,0.03,0.02,0.5,0.45,0.8839814711887739
0.39999999999999997,0.02,0.03,0.04,0.45,0.45,0.8839779514863921
0.44999999999999996,0.04,0.01,0.08,0.45,0.5,0.8839441994780023
0.35,0.06,0.03,0.02,0.4,0.4,0.8839104474696124
0.39999999999999997,0.06,0.03,0.02,0.5,0.45,0.8838766954612227
0.44999999999999996,0.02,0.02,0.08,0.5,0.45,0.8838696560564593
0.39999999999999997,0.08,0.02,0.02,0.4,0.5,0.8838661363540775
0.35,0.08,0.01,0.02,0.4,0.4,0.8838359040480694
0.39999999999999997,0.06,0.02,0.04,0.5,0.4,0.8838056717420613
0.35,0.04,0.01,0.02,0.45,0.4,0.8838021520396797
0.44999999999999996,0.08,0.02,0.08,0.45,0.45,0.8838021520396797
0.44999999999999996,0.04,0.03,0.06,0.45,0.5,0.8837951126349162
0.39999999999999997,0.06,0.03,0.02,0.4,0.5,0.8837915929325345
0.35,0.02,0.03,0.02,0.45,0.4,0.8837684000312898
0.39999999999999997,0.02,0.01,0.08,0.4,0.45,0.8837684000312898
0.39999999999999997,0.08,0.01,0.02,0.5,0.45,0.8837648803289082
0.39999999999999997,0.02,0.01,0.02,0.5,0.5,0.8837648803289082
0.44999999999999996,0.08,0.02,0.04,0.5,0.5,0.8837613606265264
0.44999999999999996,0.04,0.02,0.08,0.45,0.5,0.8837346480229
0.39999999999999997,0.08,0.01,0.04,0.5,0.4,0.8837311283205183
0.44999999999999996,0.04,0.01,0.06,0.5,0.5,0.8837276086181366
0.39999999999999997,0.06,0.01,0.06,0.45,0.4,0.8837276086181366
0.39999999999999997,0.06,0.01,0.06,0.4,0.45,0.8837276086181366
0.44999999999999996,0.08,0.02,0.06,0.5,0.45,0.8836938566097468
0.35,0.08,0.02,0.02,0.4,0.4,0.8836938566097468
0.44999999999999996,0.04,0.01,0.08,0.5,0.45,0.8836903369073651
0.35,0.02,0.01,0.04,0.4,0.4,0.8836903369073651
0.39999999999999997,0.02,0.03,0.06,0.4,0.45,0.8836868172049834
0.44999999999999996,0.02,0.03,0.08,0.45,0.5,0.883660104601357
0.39999999999999997,0.04,0.01,0.02,0.5,0.5,0.883660104601357
0.39999999999999997,0.02,0.01,0.04,0.5,0.45,0.883660104601357
0.44999999999999996,0.04,0.02,0.08,0.5,0.45,0.883660104601357
0.39999999999999997,0.04,0.03,0.02,0.45,0.5,0.8836565848989753
0.44999999999999996,0.06,0.03,0.06,0.5,0.45,0.8836565848989753
0.44999999999999996,0.06,0.03,0.06,0.45,0.5,0.8836530651965936
0.39999999999999997,0.02,0.02,0.02,0.5,0.5,0.8836228328905855
0.39999999999999997,0.04,0.02,0.06,0.45,0.4,0.8836193131882037
0.44999999999999996,0.02,0.02,0.06,0.5,0.5,0.883615793485822
0.39999999999999997,0.04,0.02,0.04,0.45,0.45,0.883615793485822
0.44999999999999996,0.02,0.02,0.08,0.45,0.5,0.883615793485822
0.39999999999999997,0.04,0.01,0.04,0.4,0.5,0.8836122737834403
0.39999999999999997,0.08,0.01,0.02,0.45,0.5,0.8835855611798139
0.35,0.04,0.01,0.02,0.4,0.45,0.8835855611798139
0.35,0.02,0.02,0.02,0.4,0.45,0.8835855611798139
0.44999999999999996,0.08,0.02,0.06,0.45,0.5,0.8835820414774322
0.39999999999999997,0.02,0.03,0.06,0.45,0.4,0.8835820414774322
0.44999999999999996,0.02,0.03,0.08,0.5,0.45,0.8835518091714241
0.35,0.04,0.02,0.02,0.45,0.4,0.8835518091714241
0.44999999999999996,0.06,0.01,0.08,0.45,0.5,0.8835518091714241
0.39999999999999997,0.06,0.01,0.04,0.45,0.45,0.8835447697666607
0.39999999999999997,0.08,0.03,0.04,0.4,0.45,0.8835447697666607
0.44999999999999996,0.08,0.03,0.04,0.5,0.5,0.8835145374606526
0.39999999999999997,0.04,0.03,0.06,0.4,0.45,0.8835145374606526
0.39999999999999997,0.02,0.02,0.08,0.4,0.45,0.8834878248570263
0.39999999999999997,0.08,0.03,0.02,0.5,0.45,0.8834807854522628
0.39999999999999997,0.02,0.01,0.08,0.45,0.4,0.8834772657498811
0.39999999999999997,0.08,0.02,0.02,0.5,0.45,0.8834435137414913
0.39999999999999997,0.06,0.02,0.02,0.45,0.5,0.8834399940391096
0.44999999999999996,0.06,0.01,0.08,0.5,0.45,0.8834062420307198
0.39999999999999997,0.02,0.01,0.06,0.45,0.45,0.8834062420307198
0.39999999999999997,0.04,0.02,0.06,0.4,0.45,0.8833992026259563
0.39999999999999997,0.04,0.01,0.08,0.4,0.45,0.8833795294270934
0.39999999999999997,0.08,0.01,0.08,0.4,0.4,0.8833760097247116
0.39999999999999997,0.04,0.03,0.08,0.4,0.4,0.8833760097247116
0.35,0.02,0.01,0.02,0.5,0.4,0.8833387380139401
0.44999999999999996,0.08,0.03,0.08,0.4,0.5,0.8833352183115584
0.39999999999999997,0.06,0.02,0.06,0.45,0.4,0.8833352183115584
0.39999999999999997,0.04,0.03,0.06,0.45,0.4,0.8833352183115584
0.39999999999999997,0.02,0.01,0.06,0.5,0.4,0.8833316986091767
0.39999999999999997,0.08,0.03,0.02,0.4,0.5,0.8833246592044133
0.44999999999999996,0.08,0.01,0.08,0.45,0.5,0.8833049860055503
0.39999999999999997,0.02,0.02,0.04,0.5,0.45,0.8833014663031686
0.35,0.04,0.03,0.02,0.45,0.4,0.8833014663031686
0.39999999999999997,0.02,0.03,0.02,0.5,0.5,0.8833014663031686
0.39999999999999997,0.04,0.02,0.04,0.4,0.5,0.8832909071960234
0.35,0.06,0.01,0.02,0.45,0.4,0.8832641945923971
0.39999999999999997,0.08,0.02,0.04,0.5,0.4,0.8832641945923971
0.39999999999999997,0.02,0.01,0.04,0.45,0.5,0.8832606748900154
0.39999999999999997,0.04,0.01,0.08,0.45,0.4,0.8832304425840072
0.44999999999999996,0.04,0.03,0.08,0.5,0.45,0.8832304425840072
0.39999999999999997,0.06,0.02,0.06,0.4,0.45,0.8832269228816256
0.39999999999999997,0.08,0.01,0.06,0.4,0.45,0.8832269228816256
0.44999999999999996,0.06,0.02,0.08,0.45,0.5,0.8831966905756174
0.39999999999999997,0.06,0.03,0.04,0.5,0.4,0.8831931708732357
0.39999999999999997,0.06,0.03,0.06,0.45,0.4,0.8831931708732357
0.35,0.06,0.01,0.02,0.4,0.45,0.8831931708732357
0.44999999999999996,0.08,0.03,0.06,0.5,0.45,0.8831896511708541
0.39999999999999997,0.06,0.02,0.08,0.4,0.4,0.883159418864846
0.44999999999999996,0.08,0.01,0.08,0.5,0.45,0.883159418864846
0.44999999999999996,0.02,0.01,0.08,0.5,0.5,0.8831558991624642
0.39999999999999997,0.08,0.01,0.06,0.45,0.4,0.8831558991624642
0.44999999999999996,0.08,0.03,0.08,0.45,0.45,0.8831558991624642
0.44999999999999996,0.08,0.03,0.06,0.45,0.5,0.8831523794600825
0.44999999999999996,0.02,0.03,0.06,0.5,0.5,0.8831523794600825
0.39999999999999997,0.08,0.02,0.08,0.4,0.4,0.8831256668564561
0.44999999999999996,0.06,0.02,0.08,0.5,0.45,0.8831221471540744
0.39999999999999997,0.04,0.03,0.04,0.45,0.45,0.883115107749311
0.39999999999999997,0.02,0.03,0.04,0.4,0.5,0.8831115880469294
0.39999999999999997,0.02,0.02,0.08,0.45,0.4,0.8830883951456846
0.39999999999999997,0.04,0.02,0.02,0.5,0.5,0.8830848754433029
0.39999999999999997,0.08,0.01,0.04,0.45,0.45,0.8830813557409212
0.44999999999999996,0.06,0.01,0.06,0.5,0.5,0.8830813557409212
0.39999999999999997,0.06,0.01,0.04,0.4,0.5,0.8830743163361577
0.39999999999999997,0.04,0.01,0.04,0.5,0.45,0.8830476037325313
0.35,0.08,0.03,0.02,0.4,0.4,0.8830476037325313
0.39999999999999997,0.08,0.02,0.06,0.45,0.4,0.8830138517241415
0.39999999999999997,0.08,0.03,0.04,0.5,0.4,0.8830138517241415
0.39999999999999997,0.02,0.02,0.06,0.45,0.45,0.8830138517241415
0.35,0.06,0.02,0.02,0.45,0.4,0.8830138517241415
0.35,0.02,0.02,0.04,0.4,0.4,0.8830068123193782
0.35,0.08,0.01,0.02,0.45,0.4,0.8829800997157518
0.39999999999999997,0.02,0.03,0.08,0.4,0.45,0.8829533871121253
0.44999999999999996,0.06,0.03,0.08,0.5,0.45,0.882946347707362
0.44999999999999996,0.04,0.03,0.08,0.45,0.5,0.8829428280049803
0.39999999999999997,0.04,0.01,0.06,0.5,0.4,0.8829393083025985
0.39999999999999997,0.02,0.02,0.06,0.5,0.4,0.8829393083025985
0.39999999999999997,0.08,0.02,0.02,0.45,0.5,0.8829393083025985
0.39999999999999997,0.06,0.02,0.04,0.45,0.45,0.8829357886002167
0.44999999999999996,0.04,0.01,0.08,0.5,0.5,0.8829090759965904
0.39999999999999997,0.06,0.01,0.02,0.5,0.5,0.8829055562942087
0.39999999999999997,0.06,0.03,0.08,0.4,0.4,0.8828753239882006
0.44999999999999996,0.06,0.02,0.06,0.5,0.5,0.8828682845834372
0.39999999999999997,0.02,0.01,0.06,0.4,0.5,0.8828612451786737
0.39999999999999997,0.08,0.03,0.08,0.4,0.4,0.8828486113845742
0.39999999999999997,0.04,0.02,0.06,0.5,0.4,0.8828345325750473
0.39999999999999997,0.02,0.03,0.06,0.5,0.4,0.8828345325750473
0.44999999999999996,0.04,0.03,0.06,0.5,0.5,0.8828310128726656
0.44999999999999996,0.04,0.02,0.06,0.5,0.5,0.882827493170284
0.35,0.02,0.01,0.02,0.4,0.5,0.8827972608642758
0.39999999999999997,0.06,0.03,0.02,0.45,0.5,0.8827937411618941
0.39999999999999997,0.06,0.02,0.06,0.5,0.4,0.8827670285582677
0.35,0.02,0.01,0.02,0.45,0.45,0.8827635088558861
0.35,0.04,0.01,0.02,0.5,0.4,0.8827635088558861
0.44999999999999996,0.08,0.02,0.08,0.5,0.45,0.8827635088558861
0.35,0.02,0.03,0.04,0.4,0.4,0.8827599891535043
0.39999999999999997,0.08,0.01,0.04,0.4,0.5,0.8827564694511226
0.39999999999999997,0.06,0.02,0.04,0.4,0.5,0.8827564694511226
0.39999999999999997,0.02,0.03,0.08,0.45,0.4,0.8827332765498779
0.35,0.08,0.01,0.02,0.4,0.45,0.8827262371451146
0.35,0.02,0.03,0.02,0.4,0.45,0.8827227174427328
0.35,0.04,0.02,0.02,0.4,0.45,0.8827227174427328
0.39999999999999997,0.02,0.02,0.06,0.4,0.5,0.8827227174427328
0.39999999999999997,0.06,0.01,0.08,0.45,0.4,0.8826960048391064
0.39999999999999997,0.08,0.01,0.06,0.5,0.4,0.8826960048391064
0.39999999999999997,0.08,0.01,0.02,0.5,0.5,0.8826924851367246
0.35,0.02,0.02,0.02,0.5,0.4,0.8826924851367246
0.44999999999999996,0.02,0.02,0.08,0.5,0.5,0.8826924851367246
0.39999999999999997,0.02,0.03,0.04,0.5,0.45,0.882688965434343
0.39999999999999997,0.04,0.01,0.04,0.45,0.5,0.882688965434343
0.35,0.04,0.01,0.04,0.4,0.4,0.8826819260295795
0.39999999999999997,0.04,0.02,0.08,0.45,0.4,0.8826587331283349
0.39999999999999997,0.06,0.01,0.06,0.5,0.4,0.8826552134259531
0.39999999999999997,0.02,0.02,0.04,0.45,0.5,0.8826516937235716
0.39999999999999997,0.06,0.01,0.06,0.45,0.45,0.8826214614175634
0.35,0.06,0.02,0.02,0.4,0.45,0.8826179417151816
0.39999999999999997,0.06,0.03,0.04,0.45,0.45,0.8826144220127999
0.39999999999999997,0.04,0.01,0.06,0.4,0.5,0.8826144220127999
0.39999999999999997,0.02,0.01,0.08,0.5,0.4,0.8825877094091735
0.35,0.02,0.01,0.06,0.4,0.4,0.8825877094091735
0.39999999999999997,0.04,0.03,0.06,0.5,0.4,0.8825841897067919
0.39999999999999997,0.04,0.01,0.06,0.45,0.45,0.8825806700044101
0.39999999999999997,0.08,0.03,0.02,0.45,0.5,0.8825806700044101
0.39999999999999997,0.08,0.03,0.06,0.45,0.4,0.882550437698402
0.44999999999999996,0.06,0.03,0.06,0.5,0.5,0.8825469179960204
0.39999999999999997,0.08,0.02,0.04,0.45,0.45,0.8825433982936386
0.39999999999999997,0.04,0.03,0.04,0.4,0.5,0.8825398785912569
0.39999999999999997,0.04,0.03,0.08,0.45,0.4,0.8825237250947757
0.39999999999999997,0.04,0.03,0.02,0.5,0.5,0.8825096462852487
0.44999999999999996,0.08,0.01,0.06,0.5,0.5,0.8825061265828671
0.44999999999999996,0.06,0.01,0.08,0.5,0.5,0.8824794139792407
0.44999999999999996,0.08,0.03,0.08,0.5,0.45,0.8824421422684692
0.44999999999999996,0.08,0.02,0.06,0.5,0.5,0.8824386225660874
0.39999999999999997,0.06,0.03,0.06,0.5,0.4,0.8824119099624611
0.39999999999999997,0.06,0.01,0.08,0.4,0.45,0.8824083902600794
0.35,0.06,0.01,0.04,0.4,0.4,0.8824013508553159
0.35,0.04,0.03,0.02,0.4,0.45,0.8824013508553159
0.39999999999999997,0.08,0.02,0.06,0.4,0.45,0.8824013508553159
0.39999999999999997,0.06,0.01,0.04,0.5,0.45,0.8824013508553159
0.39999999999999997,0.06,0.03,0.06,0.4,0.45,0.8824013508553159
0.39999999999999997,0.04,0.02,0.04,0.5,0.45,0.8824013508553159
0.39999999999999997,0.04,0.01,0.08,0.5,0.4,0.882381677656453
0.44999999999999996,0.06,0.03,0.08,0.45,0.5,0.8823675988469262
0.39999999999999997,0.02,0.03,0.06,0.45,0.45,0.8823675988469262
0.35,0.04,0.02,0.04,0.4,0.4,0.8823640791445444
0.39999999999999997,0.04,0.02,0.08,0.5,0.4,0.8823514453504449
0.39999999999999997,0.04,0.02,0.06,0.45,0.45,0.8823303271361547
0.39999999999999997,0.02,0.03,0.08,0.5,0.4,0.8823141736396733
0.39999999999999997,0.02,0.01,0.08,0.4,0.5,0.8823036145325283
0.39999999999999997,0.02,0.01,0.06,0.5,0.45,0.8822965751277648
0.44999999999999996,0.04,0.02,0.08,0.5,0.5,0.8822965751277648
0.35,0.08,0.02,0.02,0.45,0.4,0.8822965751277648
0.35,0.06,0.03,0.02,0.45,0.4,0.882293055425383
0.39999999999999997,0.06,0.03,0.04,0.4,0.5,0.8822895357230014
0.39999999999999997,0.02,0.02,0.08,0.5,0.4,0.8822733822265201
0.39999999999999997,0.04,0.03,0.08,0.4,0.45,0.8822733822265201
0.39999999999999997,0.06,0.02,0.08,0.4,0.45,0.8822733822265201
0.39999999999999997,0.08,0.01,0.08,0.45,0.4,0.8822663428217568
0.39999999999999997,0.08,0.02,0.06,0.5,0.4,0.8822663428217568
0.39999999999999997,0.06,0.02,0.08,0.45,0.4,0.8822663428217568
0.39999999999999997,0.04,0.02,0.08,0.4,0.45,0.882262823119375
0.39999999999999997,0.08,0.03,0.06,0.4,0.45,0.882262823119375
0.35,0.02,0.02,0.02,0.45,0.45,0.8822593034169932
0.39999999999999997,0.04,0.02,0.04,0.45,0.5,0.8822593034169932
0.35,0.04,0.01,0.02,0.45,0.45,0.8822593034169932
0.39999999999999997,0.06,0.02,0.02,0.5,0.5,0.8822220317062217
0.35,0.02,0.01,0.04,0.45,0.4,0.8822220317062217
0.39999999999999997,0.02,0.03,0.04,0.45,0.5,0.8822220317062217
0.39999999999999997,0.08,0.02,0.08,0.45,0.4,0.8822058782097406
0.44999999999999996,0.02,0.03,0.08,0.5,0.5,0.882188279697832
0.39999999999999997,0.08,0.02,0.04,0.4,0.5,0.8821812402930684
0.44999999999999996,0.08,0.02,0.08,0.45,0.5,0.8821510079870605
0.39999999999999997,0.06,0.01,0.08,0.5,0.4,0.8821313347881975
0.39999999999999997,0.02,0.01,0.08,0.45,0.45,0.8821207756810523
0.35,0.06,0.02,0.04,0.4,0.4,0.8821172559786705
0.35,0.08,0.01,0.04,0.4,0.4,0.8821172559786705
0.39999999999999997,0.06,0.01,0.04,0.45,0.5,0.8821172559786705
0.35,0.04,0.02,0.02,0.5,0.4,0.8821172559786705
0.35,0.06,0.01,0.02,0.5,0.4,0.8821172559786705
0.39999999999999997,0.08,0.03,0.04,0.45,0.45,0.882113736276289
0.39999999999999997,0.04,0.02,0.06,0.4,0.5,0.882113736276289
0.39999999999999997,0.06,0.03,0.02,0.5,0.5,0.882079984267899
0.39999999999999997,0.08,0.01,0.04,0.5,0.45,0.882079984267899
0.39999999999999997,0.02,0.01,0.04,0.5,0.5,0.882079984267899
0.39999999999999997,0.08,0.01,0.08,0.4,0.45,0.8820567913666544
0.39999999999999997,0.04,0.01,0.06,0.5,0.45,0.8820497519618911
0.35,0.02,0.03,0.02,0.5,0.4,0.8820462322595093
0.39999999999999997,0.06,0.02,0.04,0.5,0.45,0.8820427125571275
0.39999999999999997,0.04,0.03,0.04,0.5,0.45,0.8820427125571275
0.35,0.04,0.03,0.04,0.4,0.4,0.8820427125571275
0.35,0.02,0.02,0.02,0.4,0.5,0.8820427125571275
0.39999999999999997,0.06,0.02,0.06,0.45,0.45,0.8820124802511194
0.39999999999999997,0.02,0.02,0.06,0.5,0.45,0.8820124802511194
0.39999999999999997,0.08,0.01,0.06,0.45,0.45,0.8820124802511194
0.39999999999999997,0.08,0.02,0.02,0.5,0.5,0.8820089605487378
0.35,0.04,0.01,0.04,0.45,0.4,0.8820089605487378
0.44999999999999996,0.08,0.03,0.06,0.5,0.5,0.8820089605487378
0.39999999999999997,0.06,0.01,0.06,0.4,0.5,0.882005440846356
0.35,0.04,0.01,0.02,0.4,0.5,0.882005440846356
0.39999999999999997,0.08,0.01,0.08,0.5,0.4,0.8819928070522565
0.39999999999999997,0.02,0.02,0.08,0.45,0.45,0.8819857676474931
0.44999999999999996,0.08,0.03,0.08,0.45,0.5,0.8819752085403479
0.35,0.08,0.02,0.02,0.4,0.45,0.8819716888379663
0.39999999999999997,0.08,0.03,0.04,0.4,0.5,0.8819681691355845
0.39999999999999997,0.02,0.01,0.08,0.5,0.45,0.8819590550438667
0.39999999999999997,0.02,0.02,0.08,0.4,0.5,0.8819520156391032
0.39999999999999997,0.02,0.01,0.06,0.45,0.5,0.8819379368295763
0.39999999999999997,0.04,0.01,0.08,0.4,0.5,0.8819147439283317
0.44999999999999996,0.08,0.01,0.08,0.5,0.5,0.8819041848211866
0.35,0.02,0.01,0.04,0.4,0.45,0.8819006651188048
0.39999999999999997,0.06,0.03,0.08,0.45,0.4,0.8818774722175602
0.39999999999999997,0.04,0.01,0.08,0.45,0.45,0.8818739525151785
0.39999999999999997,0.08,0.02,0.04,0.5,0.45,0.8818669131104151
0.35,0.08,0.01,0.02,0.5,0.4,0.8818669131104151
0.39999999999999997,0.04,0.03,0.06,0.45,0.45,0.8818633934080333
0.39999999999999997,0.04,0.03,0.08,0.5,0.4,0.8818507596139339
0.35,0.06,0.01,0.04,0.45,0.4,0.8818331611020254
0.35,0.02,0.01,0.04,0.5,0.4,0.8818296413996436
0.35,0.02,0.02,0.04,0.45,0.4,0.8818261216972618
0.39999999999999997,0.02,0.03,0.06,0.4,0.5,0.8818261216972618
0.39999999999999997,0.06,0.02,0.08,0.5,0.4,0.8818134879031623
0.39999999999999997,0.04,0.02,0.08,0.45,0.45,0.8818099682007806
0.39999999999999997,0.08,0.03,0.08,0.45,0.4,0.8818099682007806
0.44999999999999996,0.04,0.03,0.08,0.5,0.5,0.8817923696888721
0.35,0.04,0.02,0.02,0.45,0.45,0.8817923696888721
0.39999999999999997,0.02,0.03,0.08,0.45,0.45,0.8817726964900091
0.35,0.06,0.02,0.02,0.5,0.4,0.8817621373828639
0.39999999999999997,0.08,0.03,0.06,0.5,0.4,0.8817621373828639
0.35,0.04,0.01,0.06,0.4,0.4,0.8817586176804822
0.35,0.06,0.01,0.02,0.45,0.45,0.8817586176804822
0.35,0.06,0.03,0.02,0.4,0.45,0.8817550979781006
0.35,0.02,0.03,0.02,0.4,0.5,0.8817550979781006
0.35,0.02,0.02,0.06,0.4,0.4,0.8817213459697106
0.44999999999999996,0.06,0.02,0.08,0.5,0.5,0.8817213459697106
0.39999999999999997,0.06,0.03,0.04,0.5,0.45,0.8817213459697106
0.35,0.02,0.01,0.02,0.5,0.45,0.8817213459697106
0.35,0.02,0.01,0.06,0.45,0.4,0.8816946333660843
0.39999999999999997,0.08,0.01,0.04,0.45,0.5,0.8816840742589391
0.39999999999999997,0.06,0.01,0.08,0.45,0.45,0.881667920762458
0.39999999999999997,0.06,0.01,0.06,0.45,0.5,0.8816573616553127
0.39999999999999997,0.08,0.01,0.06,0.4,0.5,0.8816503222505494
0.35,0.04,0.02,0.04,0.45,0.4,0.8816503222505494
0.39999999999999997,0.06,0.03,0.08,0.5,0.4,0.8816341687540682
0.39999999999999997,0.02,0.02,0.06,0.45,0.5,0.8816165702421596
0.35,0.06,0.03,0.04,0.4,0.4,0.8816130505397779
0.39999999999999997,0.04,0.03,0.06,0.4,0.5,0.8816130505397779
0.39999999999999997,0.06,0.02,0.06,0.4,0.5,0.8816130505397779
0.35,0.02,0.03,0.04,0.45,0.4,0.8816130505397779
0.39999999999999997,0.06,0.01,0.08,0.4,0.5,0.8815968970432966
0.39999999999999997,0.06,0.03,0.08,0.4,0.45,0.8815898576385333
0.44999999999999996,0.08,0.02,0.08,0.5,0.5,0.8815828182337697
0.39999999999999997,0.06,0.03,0.06,0.45,0.45,0.8815828182337697
0.35,0.08,0.03,0.02,0.45,0.4,0.881579298531388
0.35,0.06,0.01,0.02,0.4,0.5,0.8815757788290064
0.39999999999999997,0.02,0.01,0.08,0.45,0.5,0.8815631450349068
0.39999999999999997,0.02,0.02,0.08,0.5,0.45,0.8815631450349068
0.39999999999999997,0.04,0.01,0.06,0.45,0.5,0.8815455465229982
0.39999999999999997,0.02,0.03,0.06,0.5,0.45,0.8815455465229982
0.39999999999999997,0.06,0.02,0.04,0.45,0.5,0.8815385071182349
0.39999999999999997,0.04,0.03,0.04,0.45,0.5,0.8815385071182349
0.35,0.06,0.01,0.06,0.4,0.4,0.8815117945146085
0.35,0.04,0.03,0.02,0.5,0.4,0.8815082748122267
0.39999999999999997,0.06,0.03,0.04,0.45,0.5,0.8815047551098449
0.35,0.04,0.01,0.04,0.4,0.45,0.8815047551098449
0.39999999999999997,0.08,0.02,0.08,0.4,0.45,0.8814815622086003
0.44999999999999996,0.06,0.03,0.08,0.5,0.5,0.8814745228038369
0.35,0.06,0.02,0.04,0.45,0.4,0.8814745228038369
0.39999999999999997,0.08,0.02,0.06,0.45,0.45,0.8814745228038369
0.35,0.08,0.02,0.04,0.4,0.4,0.8814710031014552
0.39999999999999997,0.02,0.02,0.04,0.5,0.5,0.8814674833990734
0.35,0.02,0.01,0.08,0.4,0.4,0.8814548496049739
0.39999999999999997,0.08,0.03,0.08,0.4,0.45,0.8814513299025922
0.35,0.02,0.03,0.06,0.4,0.4,0.881440770795447
0.35,0.04,0.03,0.04,0.45,0.4,0.881440770795447
0.39999999999999997,0.06,0.01,0.06,0.5,0.45,0.8814372510930654
0.39999999999999997,0.06,0.03,0.06,0.4,0.5,0.8814337313906837
0.35,0.04,0.02,0.02,0.4,0.5,0.8814302116883019
0.35,0.02,0.03,0.02,0.45,0.45,0.8814302116883019
0.35,0.02,0.01,0.06,0.4,0.45,0.8814070187870573
0.35,0.04,0.02,0.06,0.4,0.4,0.8814034990846755
0.39999999999999997,0.04,0.03,0.06,0.5,0.45,0.8814034990846755
0.35,0.04,0.01,0.04,0.5,0.4,0.8814034990846755
0.39999999999999997,0.08,0.03,0.02,0.5,0.5,0.8813964596799121
0.35,0.08,0.03,0.02,0.4,0.45,0.8813964596799121
0.39999999999999997,0.04,0.02,0.08,0.4,0.5,0.8813767864810491
0.35,0.08,0.03,0.04,0.4,0.4,0.881366227373904
0.39999999999999997,0.08,0.03,0.04,0.5,0.45,0.8813627076715222
0.39999999999999997,0.04,0.01,0.04,0.5,0.5,0.8813591879691406
0.35,0.02,0.02,0.04,0.4,0.45,0.8813591879691406
0.39999999999999997,0.06,0.02,0.06,0.5,0.45,0.8813324753655143
0.39999999999999997,0.04,0.02,0.06,0.5,0.45,0.8813289556631325
0.39999999999999997,0.08,0.02,0.04,0.45,0.5,0.8813254359607507
0.3,0.02,0.01,0.02,0.4,0.4,0.8813254359607507
0.39999999999999997,0.08,0.02,0.08,0.5,0.4,0.8813092824642696
0.44999999999999996,0.08,0.03,0.08,0.5,0.5,0.8813057627618879
0.35,0.02,0.02,0.06,0.45,0.4,0.8813022430595061
0.39999999999999997,0.08,0.01,0.06,0.5,0.45,0.8812987233571244
0.35,0.08,0.02,0.02,0.5,0.4,0.8812952036547428
0.35,0.06,0.03,0.02,0.5,0.4,0.8812952036547428
0.39999999999999997,0.04,0.02,0.06,0.45,0.5,0.8812952036547428
0.39999999999999997,0.08,0.02,0.06,0.4,0.5,0.881291683952361
0.39999999999999997,0.02,0.02,0.08,0.45,0.5,0.8812755304558797
0.39999999999999997,0.04,0.01,0.08,0.45,0.5,0.88124177844749
0.35,0.06,0.01,0.04,0.4,0.45,0.8812206602331997
0.35,0.08,0.01,0.04,0.45,0.4,0.8812206602331997
0.39999999999999997,0.04,0.02,0.04,0.5,0.5,0.881217140530818
0.35,0.04,0.02,0.06,0.45,0.4,0.8812009870343367
0.39999999999999997,0.04,0.01,0.08,0.5,0.45,0.8812009870343367
0.39999999999999997,0.08,0.02,0.06,0.5,0.45,0.8811904279271916
0.35,0.04,0.02,0.04,0.4,0.45,0.8811833885224282
0.39999999999999997,0.04,0.03,0.08,0.4,0.5,0.8811637153235652
0.35,0.06,0.03,0.06,0.4,0.4,0.8811637153235652
0.35,0.06,0.02,0.06,0.4,0.4,0.8811601956211834
0.35,0.04,0.01,0.06,0.45,0.4,0.8811566759188018
0.39999999999999997,0.06,0.01,0.04,0.5,0.5,0.8811461168116566
0.35,0.02,0.03,0.04,0.4,0.45,0.8811461168116566
0.39999999999999997,0.04,0.02,0.08,0.5,0.45,0.8811299633151755
0.39999999999999997,0.06,0.02,0.08,0.4,0.5,0.8811299633151755
0.39999999999999997,0.08,0.01,0.08,0.4,0.5,0.8811299633151755
0.39999999999999997,0.02,0.03,0.08,0.5,0.45,0.8811299633151755
0.39999999999999997,0.02,0.03,0.08,0.4,0.5,0.8811229239104119
0.35,0.06,0.01,0.04,0.5,0.4,0.8811194042080301
0.39999999999999997,0.02,0.01,0.06,0.5,0.5,0.8811158845056485
0.35,0.02,0.02,0.04,0.5,0.4,0.8811123648032668
0.39999999999999997,0.04,0.03,0.04,0.5,0.5,0.8811123648032668
0.35,0.06,0.02,0.02,0.45,0.45,0.8811123648032668
0.39999999999999997,0.02,0.03,0.04,0.5,0.5,0.881108845100885
0.35,0.08,0.02,0.06,0.4,0.4,0.881092691604404
0.35,0.04,0.03,0.06,0.4,0.4,0.8810891719020222
0.35,0.04,0.03,0.02,0.45,0.45,0.8810750930924953
0.39999999999999997,0.06,0.02,0.08,0.45,0.45,0.881058939596014
0.39999999999999997,0.08,0.03,0.08,0.5,0.4,0.881058939596014
0.35,0.06,0.01,0.06,0.45,0.4,0.8810554198936323
0.35,0.04,0.02,0.04,0.5,0.4,0.8810483804888689
0.35,0.08,0.01,0.06,0.4,0.4,0.8810483804888689
0.35,0.02,0.01,0.04,0.45,0.45,0.8810378213817238
0.39999999999999997,0.08,0.01,0.08,0.45,0.45,0.8810216678852425
0.35,0.02,0.03,0.06,0.45,0.4,0.8810216678852425
0.39999999999999997,0.04,0.03,0.08,0.45,0.45,0.8810181481828608
0.35,0.04,0.01,0.04,0.45,0.45,0.8810075890757156
0.39999999999999997,0.08,0.03,0.06,0.45,0.45,0.8810075890757156
0.35,0.04,0.01,0.02,0.5,0.45,0.8810040693733339
0.39999999999999997,0.06,0.01,0.08,0.5,0.45,0.8809879158768528
0.39999999999999997,0.08,0.02,0.08,0.45,0.45,0.8809879158768528
0.39999999999999997,0.02,0.02,0.06,0.5,0.5,0.8809738370673259
0.39999999999999997,0.04,0.01,0.06,0.5,0.5,0.8809738370673259
0.35,0.02,0.03,0.02,0.5,0.45,0.8809738370673259
0.39999999999999997,0.02,0.01,0.08,0.5,0.5,0.8809541638684628
0.39999999999999997,0.02,0.03,0.06,0.45,0.5,0.8809330456541726
0.35,0.08,0.01,0.02,0.45,0.45,0.8809295259517909
0.39999999999999997,0.08,0.02,0.08,0.4,0.5,0.8809133724553097
0.35,0.04,0.01,0.06,0.4,0.45,0.880909852752928
0.39999999999999997,0.06,0.03,0.06,0.5,0.45,0.8809028133481644
0.35,0.02,0.01,0.04,0.4,0.5,0.8808957739434011
0.35,0.02,0.02,0.02,0.5,0.45,0.8808957739434011
0.39999999999999997,0.08,0.01,0.04,0.5,0.5,0.8808957739434011
0.35,0.08,0.01,0.02,0.4,0.5,0.8808922542410194
0.35,0.02,0.01,0.02,0.45,0.5,0.8808922542410194
0.39999999999999997,0.06,0.03,0.08,0.4,0.5,0.8808761007445381
0.35,0.02,0.02,0.06,0.4,0.45,0.8808725810421565
0.35,0.06,0.03,0.04,0.45,0.4,0.880865541637393
0.35,0.08,0.02,0.04,0.45,0.4,0.880865541637393
0.35,0.06,0.02,0.04,0.4,0.45,0.8808620219350113
0.39999999999999997,0.08,0.03,0.06,0.4,0.5,0.8808585022326296
0.35,0.06,0.02,0.02,0.4,0.5,0.8808549825302479
0.39999999999999997,0.06,0.03,0.08,0.45,0.45,0.8808423487361483
0.35,0.04,0.02,0.02,0.5,0.45,0.8808282699266214
0.39999999999999997,0.04,0.03,0.06,0.45,0.5,0.8808282699266214
0.35,0.04,0.03,0.04,0.4,0.45,0.8808247502242397
0.39999999999999997,0.08,0.03,0.08,0.45,0.45,0.8808085967277586
0.35,0.08,0.03,0.02,0.5,0.4,0.8807909982158499
0.35,0.02,0.02,0.04,0.45,0.45,0.8807909982158499
0.39999999999999997,0.06,0.02,0.04,0.5,0.5,0.8807874785134682
0.39999999999999997,0.06,0.02,0.08,0.5,0.45,0.8807748447193687
0.35,0.04,0.03,0.02,0.4,0.5,0.8807466871003149
0.35,0.08,0.03,0.06,0.4,0.4,0.8807340533062155
0.35,0.04,0.02,0.06,0.4,0.45,0.8807305336038338
0.35,0.02,0.03,0.06,0.4,0.45,0.8807305336038338
0.35,0.02,0.01,0.06,0.45,0.45,0.8807305336038338
0.35,0.02,0.01,0.06,0.5,0.4,0.880727013901452
0.35,0.02,0.03,0.04,0.5,0.4,0.8807199744966887
0.39999999999999997,0.08,0.03,0.04,0.45,0.5,0.8807129350919252
0.39999999999999997,0.04,0.03,0.08,0.5,0.45,0.8807003012978256
0.39999999999999997,0.08,0.03,0.08,0.4,0.5,0.880696781595444
0.35,0.04,0.03,0.04,0.5,0.4,0.8806897421906805
0.39999999999999997,0.06,0.03,0.06,0.45,0.5,0.8806897421906805
0.39999999999999997,0.06,0.01,0.06,0.5,0.5,0.8806862224882988
0.35,0.06,0.01,0.04,0.45,0.45,0.8806862224882988
0.39999999999999997,0.06,0.02,0.06,0.45,0.5,0.8806827027859171
0.39999999999999997,0.04,0.02,0.06,0.5,0.5,0.8806489507775273
0.39999999999999997,0.08,0.02,0.04,0.5,0.5,0.8806454310751456
0.35,0.06,0.03,0.02,0.45,0.45,0.8806454310751456
0.39999999999999997,0.06,0.01,0.08,0.45,0.5,0.8806292775786644
0.39999999999999997,0.04,0.01,0.08,0.5,0.5,0.8806292775786644
0.35,0.04,0.01,0.08,0.4,0.4,0.8806257578762826
0.39999999999999997,0.02,0.03,0.08,0.45,0.5,0.8806257578762826
0.35,0.02,0.02,0.06,0.5,0.4,0.8806257578762826
0.39999999999999997,0.08,0.03,0.06,0.5,0.45,0.8806222381739008
0.35,0.04,0.02,0.04,0.45,0.45,0.8806151987691375
0.35,0.02,0.01,0.04,0.5,0.45,0.8806151987691375
0.35,0.06,0.01,0.02,0.5,0.45,0.8806116790667557
0.39999999999999997,0.06,0.03,0.04,0.5,0.5,0.8806116790667557
0.39999999999999997,0.08,0.01,0.06,0.45,0.5,0.8806116790667557
0.3,0.02,0.02,0.02,0.4,0.4,0.880608159364374
0.35,0.02,0.01,0.06,0.4,0.5,0.8805884861655111
0.39999999999999997,0.08,0.03,0.06,0.45,0.5,0.8805849664631293
0.39999999999999997,0.08,0.02,0.06,0.45,0.5,0.8805779270583659
0.35,0.06,0.03,0.02,0.4,0.5,0.8805708876536025
0.39999999999999997,0.04,0.02,0.08,0.45,0.5,0.8805547341571214
0.35,0.06,0.02,0.04,0.5,0.4,0.8805441750499761
0.35,0.06,0.03,0.04,0.4,0.45,0.8805406553475944
0.35,0.08,0.01,0.04,0.4,0.45,0.8805371356452127
0.39999999999999997,0.08,0.01,0.08,0.5,0.45,0.8805209821487314
0.35,0.02,0.02,0.08,0.4,0.4,0.8805174624463498
0.35,0.04,0.01,0.06,0.5,0.4,0.8805174624463498
0.35,0.06,0.02,0.06,0.45,0.4,0.8805174624463498
0.39999999999999997,0.02,0.03,0.06,0.5,0.5,0.8805069033392046
0.35,0.08,0.02,0.04,0.4,0.45,0.8805033836368229
0.35,0.02,0.02,0.04,0.4,0.5,0.8804998639344412
0.35,0.04,0.01,0.04,0.4,0.5,0.8804998639344412
0.35,0.04,0.01,0.06,0.45,0.45,0.8804837104379599
0.39999999999999997,0.06,0.02,0.08,0.45,0.5,0.8804837104379599
0.35,0.08,0.01,0.06,0.45,0.4,0.8804837104379599
0.35,0.06,0.01,0.06,0.4,0.45,0.8804801907355783
0.35,0.02,0.03,0.04,0.45,0.45,0.8804696316284331
0.3,0.02,0.01,0.02,0.45,0.4,0.8804696316284331
0.35,0.08,0.03,0.02,0.4,0.5,0.8804661119260513
0.35,0.04,0.03,0.06,0.45,0.4,0.8804464387271884
0.39999999999999997,0.04,0.03,0.08,0.45,0.5,0.8804464387271884
0.35,0.08,0.01,0.06,0.4,0.45,0.8804464387271884
0.35,0.06,0.02,0.06,0.4,0.45,0.8804464387271884
0.39999999999999997,0.06,0.02,0.06,0.5,0.5,0.8804429190248068
0.35,0.08,0.02,0.02,0.4,0.5,0.8804253205128982
0.35,0.02,0.02,0.02,0.45,0.5,0.8804253205128982
0.39999999999999997,0.02,0.02,0.08,0.5,0.5,0.8804126867187986
0.35,0.08,0.02,0.02,0.45,0.45,0.8803915685045083
0.35,0.04,0.03,0.06,0.4,0.45,0.8803718953056454
0.35,0.04,0.03,0.02,0.5,0.45,0.8803613361985002
0.3,0.04,0.01,0.02,0.4,0.4,0.8803542967937368
0.35,0.04,0.01,0.06,0.4,0.5,0.8803381432972556
0.35,0.06,0.03,0.04,0.5,0.4,0.8803311038924921
0.35,0.08,0.01,0.04,0.5,0.4,0.8803275841901104
0.35,0.08,0.01,0.02,0.5,0.45,0.8803275841901104
0.35,0.06,0.01,0.04,0.4,0.5,0.880320544785347
0.35,0.04,0.01,0.02,0.45,0.5,0.8803170250829653
0.39999999999999997,0.06,0.03,0.08,0.45,0.5,0.8803079109912475
0.35,0.06,0.01,0.06,0.5,0.4,0.8803079109912475
0.35,0.04,0.02,0.08,0.4,0.4,0.8803043912888657
0.35,0.02,0.01,0.08,0.45,0.4,0.8803043912888657
0.35,0.02,0.02,0.06,0.45,0.45,0.880300871586484
0.39999999999999997,0.04,0.03,0.06,0.5,0.5,0.8802600801733309
0.39999999999999997,0.08,0.01,0.06,0.5,0.5,0.8802565604709491
0.35,0.06,0.02,0.02,0.5,0.45,0.8802530407685674
0.3,0.02,0.03,0.02,0.4,0.4,0.8802495210661856
0.39999999999999997,0.08,0.02,0.08,0.5,0.45,0.8802368872720862
0.35,0.08,0.02,0.06,0.45,0.4,0.8802298478673227
0.35,0.04,0.03,0.06,0.5,0.4,0.8801996155613147
0.39999999999999997,0.06,0.03,0.08,0.5,0.45,0.8801996155613147
0.35,0.08,0.02,0.04,0.5,0.4,0.8801855367517878
0.35,0.04,0.03,0.04,0.45,0.45,0.8801820170494061
0.35,0.08,0.03,0.04,0.45,0.4,0.8801820170494061
0.35,0.04,0.02,0.04,0.4,0.5,0.8801784973470244
0.39999999999999997,0.08,0.03,0.04,0.5,0.5,0.8801784973470244
0.3,0.06,0.01,0.02,0.4,0.4,0.8801784973470244
0.35,0.02,0.01,0.02,0.5,0.5,0.8801784973470244
0.35,0.04,0.02,0.02,0.45,0.5,0.8801749776446426
0.35,0.06,0.01,0.02,0.45,0.5,0.8801749776446426
0.35,0.02,0.03,0.08,0.4,0.4,0.8801588241481614
0.35,0.04,0.02,0.06,0.5,0.4,0.8801588241481614
0.3,0.02,0.02,0.02,0.45,0.4,0.8801482650410163
0.35,0.06,0.03,0.02,0.5,0.45,0.8801482650410163
0.35,0.02,0.01,0.04,0.45,0.5,0.8801447453386345
0.35,0.06,0.01,0.08,0.4,0.4,0.8801250721397715
0.35,0.02,0.01,0.08,0.4,0.45,0.8801250721397715
0.35,0.02,0.02,0.06,0.4,0.5,0.8801215524373899
0.35,0.02,0.02,0.04,0.5,0.45,0.8801109933302447
0.35,0.04,0.03,0.02,0.45,0.5,0.880107473627863
0.35,0.08,0.01,0.02,0.45,0.5,0.880107473627863
0.35,0.02,0.03,0.06,0.5,0.4,0.880087800429
0.35,0.06,0.03,0.02,0.45,0.5,0.8800737216194732
0.3,0.02,0.01,0.02,0.4,0.45,0.8800702019170915
0.35,0.02,0.03,0.04,0.4,0.5,0.8800702019170915
0.35,0.06,0.02,0.02,0.45,0.5,0.8800702019170915
0.35,0.02,0.03,0.02,0.45,0.5,0.8800666822147097
0.39999999999999997,0.08,0.02,0.06,0.5,0.5,0.8800470090158468
0.39999999999999997,0.06,0.03,0.06,0.5,0.5,0.8800470090158468
0.3,0.02,0.03,0.02,0.45,0.4,0.8800434893134651
0.35,0.08,0.02,0.02,0.5,0.45,0.8800399696110834
0.35,0.08,0.02,0.02,0.45,0.5,0.8800399696110834
0.35,0.08,0.03,0.02,0.45,0.45,0.8800364499087017
0.3,0.04,0.02,0.02,0.4,0.4,0.8800329302063199
0.35,0.06,0.03,0.06,0.45,0.4,0.880013257007457
0.35,0.02,0.03,0.06,0.45,0.45,0.880013257007457
0.3,0.06,0.01,0.02,0.4,0.45,0.8800062176026935
0.3,0.04,0.01,0.02,0.45,0.4,0.8800062176026935
0.35,0.04,0.01,0.04,0.5,0.45,0.8800026979003118
0.3,0.04,0.01,0.02,0.4,0.45,0.8800026979003118
0.35,0.04,0.01,0.02,0.5,0.5,0.8800026979003118
0.35,0.06,0.02,0.06,0.5,0.4,0.879983024701449
0.35,0.08,0.03,0.04,0.5,0.4,0.8799759852966855
0.3,0.06,0.02,0.02,0.4,0.4,0.8799654261895403
0.35,0.04,0.01,0.04,0.45,0.5,0.8799654261895403
0.35,0.02,0.02,0.02,0.5,0.5,0.8799654261895403
0.3,0.02,0.01,0.04,0.4,0.4,0.8799654261895403
0.35,0.04,0.01,0.08,0.45,0.4,0.8799457529906773
0.35,0.04,0.03,0.08,0.4,0.4,0.8799457529906773
0.35,0.02,0.02,0.08,0.4,0.45,0.8799457529906773
0.3,0.02,0.01,0.02,0.5,0.4,0.879938713585914
0.3,0.04,0.03,0.02,0.4,0.4,0.8799281544787687
0.35,0.08,0.01,0.08,0.4,0.4,0.8799084812799058
0.35,0.06,0.02,0.08,0.4,0.4,0.8799084812799058
0.35,0.04,0.03,0.02,0.5,0.5,0.8799014418751425
0.35,0.02,0.03,0.02,0.5,0.5,0.8798979221727607
0.3,0.06,0.01,0.02,0.45,0.4,0.8798979221727607
0.3,0.02,0.02,0.02,0.4,0.45,0.879894402470379
0.3,0.08,0.01,0.02,0.4,0.4,0.879894402470379
0.35,0.02,0.02,0.08,0.45,0.4,0.8798747292715161
0.35,0.02,0.01,0.06,0.45,0.5,0.8798747292715161
0.39999999999999997,0.04,0.02,0.08,0.5,0.5,0.8798747292715161
0.39999999999999997,0.02,0.03,0.08,0.5,0.5,0.8798747292715161
0.35,0.06,0.01,0.06,0.4,0.5,0.8798712095691343
0.39999999999999997,0.08,0.01,0.08,0.45,0.5,0.8798712095691343
0.35,0.04,0.02,0.04,0.5,0.45,0.8798641701643709
0.35,0.04,0.02,0.02,0.5,0.5,0.8798606504619892
0.3,0.08,0.02,0.02,0.4,0.4,0.8798606504619892
0.35,0.06,0.02,0.04,0.45,0.45,0.8798571307596075
0.39999999999999997,0.08,0.02,0.08,0.45,0.5,0.8798374575607445
0.39999999999999997,0.06,0.01,0.08,0.5,0.5,0.8798374575607445
0.35,0.08,0.02,0.06,0.4,0.45,0.8798339378583628
0.35,0.06,0.03,0.06,0.4,0.45,0.8798339378583628
0.3,0.02,0.01,0.02,0.4,0.5,0.8798268984535994
0.3,0.04,0.02,0.02,0.4,0.45,0.8798268984535994
0.35,0.02,0.03,0.04,0.5,0.45,0.8798268984535994
0.3,0.02,0.01,0.02,0.45,0.45,0.8798268984535994
0.35,0.08,0.03,0.02,0.5,0.45,0.8798268984535994
0.35,0.06,0.01,0.04,0.5,0.45,0.8798268984535994
0.3,0.04,0.02,0.02,0.45,0.4,0.8798268984535994
0.35,0.08,0.01,0.04,0.4,0.5,0.879819859048836
0.39999999999999997,0.04,0.03,0.08,0.5,0.5,0.8798037055523547
0.35,0.04,0.02,0.06,0.4,0.5,0.879800185849973
0.39999999999999997,0.08,0.03,0.06,0.5,0.5,0.8797966661475913
0.35,0.02,0.01,0.04,0.5,0.5,0.8797931464452096
0.3,0.04,0.03,0.02,0.45,0.4,0.8797931464452096
0.35,0.06,0.03,0.04,0.4,0.5,0.8797931464452096
0.35,0.08,0.01,0.02,0.5,0.5,0.8797896267428278
0.35,0.06,0.01,0.02,0.5,0.5,0.8797896267428278
0.35,0.06,0.02,0.04,0.4,0.5,0.8797861070404461
0.35,0.08,0.01,0.06,0.5,0.4,0.8797699535439649
0.35,0.06,0.02,0.06,0.4,0.5,0.8797664338415832
0.35,0.02,0.03,0.06,0.4,0.5,0.8797629141392014
0.35,0.06,0.01,0.06,0.45,0.45,0.8797629141392014
0.35,0.04,0.02,0.06,0.45,0.45,0.8797629141392014
0.35,0.08,0.03,0.06,0.45,0.4,0.8797629141392014
0.3,0.08,0.03,0.02,0.4,0.4,0.8797593944368198
0.35,0.08,0.02,0.04,0.4,0.5,0.8797558747344381
0.3,0.06,0.03,0.02,0.4,0.4,0.8797523550320563
0.35,0.08,0.01,0.04,0.45,0.45,0.8797488353296746
0.35,0.02,0.02,0.04,0.45,0.5,0.8797488353296746
0.3,0.02,0.01,0.04,0.4,0.45,0.8797291621308116
0.35,0.08,0.02,0.02,0.5,0.5,0.8797256424284299
0.35,0.08,0.01,0.04,0.45,0.5,0.8797256424284299
0.3,0.02,0.02,0.02,0.5,0.4,0.8797221227260483
0.35,0.06,0.01,0.04,0.45,0.5,0.8797186030236666
0.35,0.06,0.02,0.02,0.5,0.5,0.8797186030236666
0.35,0.08,0.03,0.04,0.4,0.45,0.879711563618903
0.35,0.02,0.02,0.06,0.5,0.45,0.8796954101224219
0.35,0.02,0.01,0.06,0.5,0.45,0.8796918904200401
0.3,0.04,0.01,0.02,0.5,0.4,0.8796883707176584
0.3,0.04,0.01,0.02,0.45,0.45,0.8796883707176584
0.3,0.02,0.02,0.02,0.45,0.45,0.8796883707176584
0.35,0.08,0.03,0.02,0.45,0.5,0.8796848510152768
0.3,0.06,0.02,0.02,0.45,0.4,0.8796848510152768
0.35,0.08,0.01,0.06,0.4,0.5,0.8796616581140321
0.35,0.04,0.03,0.06,0.4,0.5,0.8796581384116504
0.35,0.04,0.03,0.04,0.5,0.45,0.8796546187092686
0.35,0.04,0.03,0.04,0.4,0.5,0.8796405398997418
0.35,0.08,0.02,0.06,0.4,0.5,0.879631425808024
0.3,0.08,0.01,0.02,0.45,0.4,0.8796173469984971
0.35,0.08,0.03,0.06,0.4,0.45,0.8795835949901073
0.35,0.08,0.03,0.04,0.4,0.5,0.8795800752877256
0.3,0.02,0.03,0.02,0.4,0.45,0.8795765555853439
0.35,0.06,0.03,0.04,0.45,0.45,0.8795730358829621
0.35,0.06,0.03,0.06,0.5,0.4,0.879556882386481
0.3,0.06,0.01,0.04,0.4,0.4,0.8795463232793357
0.35,0.06,0.03,0.02,0.5,0.5,0.8795463232793357
0.3,0.02,0.02,0.04,0.4,0.4,0.8795392838745724
0.35,0.06,0.01,0.06,0.5,0.45,0.879523130378091
0.3,0.02,0.01,0.04,0.45,0.4,0.879512571270946
0.3,0.08,0.01,0.02,0.4,0.45,0.8795090515685642
0.35,0.06,0.02,0.04,0.45,0.5,0.8795090515685642
0.35,0.02,0.03,0.04,0.45,0.5,0.8795055318661825
0.3,0.04,0.01,0.04,0.4,0.4,0.8794984924614191
0.35,0.04,0.02,0.06,0.5,0.45,0.8794858586673195
0.35,0.04,0.01,0.06,0.45,0.5,0.8794788192625562
0.35,0.08,0.02,0.08,0.4,0.4,0.8794788192625562
0.39999999999999997,0.06,0.02,0.08,0.5,0.5,0.8794788192625562
0.35,0.04,0.01,0.08,0.4,0.45,0.8794752995601745
0.3,0.04,0.01,0.02,0.4,0.5,0.8794717798577927
0.3,0.06,0.02,0.02,0.4,0.45,0.8794717798577927
0.35,0.04,0.02,0.04,0.45,0.5,0.8794612207506476
0.35,0.04,0.01,0.06,0.5,0.45,0.8794450672541664
0.35,0.02,0.01,0.08,0.5,0.4,0.8794450672541664
0.3,0.04,0.01,0.04,0.4,0.45,0.8794450672541664
0.3,0.04,0.01,0.04,0.45,0.4,0.8794450672541664
0.35,0.02,0.02,0.06,0.45,0.5,0.8794415475517847
0.3,0.02,0.01,0.02,0.5,0.45,0.879438027849403
0.35,0.06,0.02,0.04,0.5,0.45,0.8794345081470212
0.35,0.02,0.03,0.08,0.4,0.45,0.8794077955433948
0.35,0.02,0.02,0.04,0.5,0.5,0.8794042758410131
0.3,0.04,0.03,0.02,0.4,0.45,0.8794007561386314
0.35,0.06,0.03,0.06,0.4,0.5,0.879374043535005
0.35,0.08,0.01,0.06,0.45,0.45,0.8793705238326233
0.35,0.04,0.02,0.08,0.4,0.45,0.8793705238326233
0.39999999999999997,0.08,0.03,0.08,0.45,0.5,0.8793705238326233
0.35,0.02,0.01,0.08,0.4,0.5,0.8793705238326233
0.35,0.04,0.03,0.04,0.45,0.5,0.8793634844278599
0.35,0.08,0.01,0.04,0.5,0.45,0.8793634844278599
0.35,0.08,0.02,0.04,0.45,0.45,0.8793529253207146
0.39999999999999997,0.08,0.03,0.08,0.5,0.45,0.8793332521218518
0.3,0.08,0.02,0.02,0.45,0.4,0.87932973241947
0.3,0.04,0.02,0.04,0.4,0.4,0.8793262127170883
0.3,0.02,0.02,0.02,0.4,0.5,0.8793262127170883
0.35,0.08,0.02,0.06,0.5,0.4,0.8793065395182253
0.35,0.04,0.03,0.04,0.5,0.5,0.8793030198158437
0.35,0.06,0.02,0.04,0.5,0.5,0.8793030198158437
0.3,0.06,0.03,0.04,0.4,0.4,0.8793030198158437
0.3,0.04,0.02,0.02,0.4,0.5,0.8792995001134619
0.35,0.06,0.01,0.04,0.5,0.5,0.8792995001134619
0.35,0.08,0.02,0.04,0.45,0.5,0.8792995001134619
0.35,0.04,0.03,0.06,0.45,0.45,0.8792959804110803
0.3,0.06,0.03,0.02,0.45,0.4,0.8792924607086985
0.39999999999999997,0.08,0.01,0.08,0.5,0.5,0.8792622284026904
0.35,0.08,0.02,0.04,0.5,0.45,0.8792622284026904
0.3,0.08,0.01,0.04,0.4,0.4,0.8792622284026904
0.35,0.04,0.02,0.08,0.45,0.4,0.8792622284026904
0.35,0.06,0.01,0.08,0.45,0.4,0.8792622284026904
0.3,0.06,0.02,0.04,0.4,0.4,0.8792622284026904
0.35,0.06,0.02,0.06,0.45,0.45,0.8792587087003088
0.35,0.06,0.03,0.04,0.5,0.45,0.8792587087003088
0.35,0.08,0.01,0.04,0.5,0.5,0.8792319960966823
0.3,0.08,0.02,0.04,0.4,0.4,0.8792319960966823
0.35,0.06,0.01,0.06,0.45,0.5,0.8792319960966823
0.3,0.02,0.01,0.04,0.45,0.45,0.8792319960966823
0.35,0.02,0.03,0.06,0.5,0.45,0.8792284763943006
0.3,0.02,0.03,0.02,0.4,0.5,0.8792284763943006
0.3,0.02,0.02,0.04,0.4,0.45,0.8792284763943006
0.35,0.02,0.03,0.04,0.5,0.5,0.8792249566919189
0.35,0.02,0.03,0.08,0.45,0.4,0.8792249566919189
0.3,0.04,0.03,0.04,0.4,0.4,0.8792249566919189
0.35,0.08,0.03,0.02,0.5,0.5,0.8792214369895373
0.3,0.02,0.03,0.04,0.4,0.4,0.8792179172871555
0.3,0.08,0.01,0.02,0.4,0.5,0.8791982440882926
0.35,0.02,0.02,0.08,0.5,0.4,0.8791947243859108
0.35,0.04,0.02,0.06,0.45,0.5,0.8791947243859108
0.39999999999999997,0.06,0.03,0.08,0.5,0.5,0.8791912046835291
0.3,0.06,0.03,0.02,0.4,0.45,0.8791912046835291
0.35,0.04,0.02,0.04,0.5,0.5,0.8791912046835291
0.3,0.02,0.02,0.04,0.45,0.4,0.8791912046835291
0.3,0.06,0.01,0.02,0.45,0.45,0.8791876849811473
0.35,0.08,0.03,0.04,0.45,0.45,0.879180645576384
0.3,0.06,0.01,0.04,0.4,0.45,0.879160972377521
0.3,0.08,0.03,0.02,0.4,0.45,0.8791574526751393
0.35,0.06,0.01,0.08,0.4,0.45,0.8791539329727576
0.35,0.06,0.03,0.04,0.45,0.5,0.8791539329727576
0.35,0.02,0.01,0.08,0.45,0.45,0.8791539329727576
0.3,0.08,0.02,0.02,0.4,0.45,0.8791504132703758
0.3,0.04,0.02,0.02,0.5,0.4,0.8791504132703758
0.3,0.06,0.01,0.02,0.5,0.4,0.8791504132703758
0.35,0.08,0.02,0.06,0.45,0.45,0.8791201809643678
0.35,0.06,0.03,0.08,0.4,0.4,0.8791166612619861
0.35,0.04,0.01,0.04,0.5,0.5,0.8791096218572226
0.3,0.08,0.03,0.04,0.4,0.4,0.8790934683607414
0.3,0.02,0.03,0.04,0.4,0.45,0.8790899486583597
0.35,0.08,0.03,0.04,0.45,0.5,0.879086428955978
0.3,0.02,0.01,0.02,0.45,0.5,0.8790793895512146
0.3,0.04,0.02,0.02,0.45,0.45,0.8790793895512146
0.35,0.04,0.03,0.06,0.45,0.5,0.8790561966499699
0.3,0.04,0.01,0.04,0.45,0.45,0.8790561966499699
0.3,0.04,0.02,0.04,0.4,0.45,0.8790526769475882
0.35,0.02,0.01,0.06,0.5,0.5,0.8790491572452064
0.3,0.04,0.03,0.02,0.4,0.5,0.8790491572452064
0.3,0.02,0.03,0.02,0.5,0.4,0.8790421178404431
0.3,0.06,0.01,0.02,0.4,0.5,0.8790421178404431
0.3,0.06,0.02,0.02,0.4,0.5,0.8790154052368166
0.3,0.06,0.01,0.04,0.45,0.4,0.8790154052368166
0.3,0.04,0.01,0.02,0.45,0.5,0.8790154052368166
0.3,0.02,0.02,0.02,0.45,0.5,0.8790154052368166
0.35,0.06,0.03,0.06,0.45,0.45,0.8790118855344349
0.3,0.04,0.02,0.04,0.45,0.4,0.8789781335260451
0.3,0.02,0.01,0.04,0.4,0.5,0.8789781335260451
0.35,0.02,0.03,0.06,0.45,0.5,0.8789746138236634
0.35,0.04,0.03,0.08,0.45,0.4,0.8789746138236634
0.35,0.08,0.03,0.06,0.5,0.4,0.878947901220037
0.3,0.06,0.02,0.02,0.45,0.45,0.8789443815176553
0.35,0.04,0.01,0.08,0.5,0.4,0.8789408618152736
0.3,0.02,0.01,0.06,0.4,0.4,0.8789373421128919
0.35,0.08,0.03,0.04,0.5,0.45,0.8789373421128919
0.39999999999999997,0.08,0.02,0.08,0.5,0.5,0.8789373421128919
0.3,0.02,0.03,0.02,0.45,0.45,0.8789338224105101
0.35,0.04,0.01,0.06,0.5,0.5,0.8789106295092655
0.35,0.08,0.03,0.06,0.4,0.5,0.8789106295092655
0.3,0.02,0.03,0.04,0.45,0.4,0.8789035901045021
0.35,0.06,0.02,0.06,0.5,0.45,0.8788768775008757
0.35,0.04,0.02,0.06,0.5,0.5,0.8788768775008757
0.35,0.02,0.02,0.06,0.5,0.5,0.878873357798494
0.35,0.02,0.03,0.08,0.5,0.4,0.878873357798494
0.35,0.02,0.02,0.08,0.45,0.45,0.8788663183937305
0.35,0.06,0.02,0.08,0.45,0.4,0.8788663183937305
0.35,0.08,0.01,0.06,0.5,0.45,0.8788396057901042
0.3,0.02,0.02,0.04,0.45,0.45,0.8788396057901042
0.3,0.04,0.01,0.06,0.4,0.4,0.8788360860877225
0.3,0.04,0.03,0.02,0.45,0.45,0.8788325663853407
0.35,0.08,0.02,0.06,0.45,0.5,0.8788058537817143
0.35,0.06,0.02,0.06,0.45,0.5,0.8788023340793326
0.3,0.06,0.02,0.04,0.4,0.45,0.8788023340793326
0.35,0.06,0.03,0.04,0.5,0.5,0.8788023340793326
0.3,0.08,0.01,0.04,0.4,0.45,0.8788023340793326
0.35,0.08,0.02,0.04,0.5,0.5,0.8788023340793326
0.35,0.02,0.03,0.06,0.5,0.5,0.8787685820709428
0.35,0.04,0.03,0.06,0.5,0.45,0.8787650623685611
0.3,0.02,0.01,0.04,0.5,0.4,0.8787615426661795
0.3,0.08,0.01,0.02,0.45,0.45,0.8787580229637977
0.3,0.04,0.01,0.02,0.5,0.45,0.8787580229637977
0.35,0.08,0.03,0.08,0.4,0.4,0.8787580229637977
0.3,0.06,0.03,0.02,0.45,0.45,0.8787313103601713
0.35,0.06,0.01,0.06,0.5,0.5,0.8787313103601713
0.3,0.06,0.01,0.02,0.45,0.5,0.8787313103601713
0.3,0.04,0.03,0.04,0.4,0.45,0.8787313103601713
0.35,0.08,0.03,0.06,0.45,0.45,0.8787277906577895
0.3,0.06,0.02,0.04,0.45,0.4,0.8787277906577895
0.35,0.06,0.03,0.06,0.45,0.5,0.8786975583517815
0.3,0.08,0.01,0.04,0.45,0.4,0.8786940386493998
0.3,0.04,0.03,0.04,0.45,0.4,0.8786940386493998
0.35,0.02,0.02,0.08,0.4,0.5,0.8786869992446363
0.3,0.04,0.02,0.02,0.45,0.5,0.8786567669386283
0.3,0.02,0.02,0.06,0.4,0.4,0.8786532472362465
0.3,0.06,0.02,0.02,0.5,0.4,0.8786497275338647
0.35,0.08,0.01,0.08,0.4,0.45,0.8786497275338647
0.35,0.08,0.01,0.06,0.45,0.5,0.8786194952278568
0.3,0.08,0.03,0.02,0.45,0.4,0.8786194952278568
0.3,0.02,0.02,0.02,0.5,0.45,0.878615975525475
0.3,0.08,0.02,0.04,0.4,0.45,0.8785892629218486
0.3,0.04,0.01,0.04,0.4,0.5,0.8785857432194669
0.3,0.02,0.02,0.04,0.4,0.5,0.8785857432194669
0.3,0.08,0.02,0.02,0.45,0.45,0.8785857432194669
0.3,0.02,0.03,0.02,0.45,0.5,0.8785857432194669
0.35,0.04,0.03,0.08,0.4,0.45,0.8785787038147035
0.35,0.08,0.03,0.04,0.5,0.5,0.8785519912110771
0.35,0.06,0.03,0.06,0.5,0.45,0.8785519912110771
0.35,0.04,0.02,0.08,0.5,0.4,0.8785484715086954
0.35,0.08,0.01,0.08,0.45,0.4,0.878541432103932
0.3,0.02,0.01,0.04,0.45,0.5,0.8785182392026873
0.3,0.06,0.01,0.04,0.45,0.45,0.8785182392026873
0.3,0.06,0.03,0.02,0.5,0.4,0.8785147195003056
0.3,0.06,0.03,0.04,0.4,0.45,0.8785147195003056
0.3,0.02,0.01,0.02,0.5,0.5,0.8785147195003056
0.3,0.04,0.03,0.02,0.5,0.4,0.8785041603931605
0.3,0.02,0.01,0.06,0.45,0.4,0.8784809674919158
0.35,0.06,0.01,0.08,0.5,0.4,0.8784774477895341
0.35,0.06,0.03,0.08,0.45,0.4,0.8784739280871523
0.35,0.04,0.01,0.08,0.4,0.5,0.8784704083847706
0.3,0.08,0.01,0.02,0.5,0.4,0.878466888682389
0.35,0.06,0.02,0.08,0.5,0.4,0.8784436957811443
0.35,0.04,0.01,0.08,0.45,0.45,0.878433136673999
0.35,0.06,0.02,0.06,0.5,0.5,0.8784134634751362
0.3,0.04,0.01,0.04,0.5,0.4,0.8784029043679911
0.3,0.06,0.03,0.02,0.4,0.5,0.8784029043679911
0.35,0.04,0.03,0.06,0.5,0.5,0.8783761917643647
0.35,0.08,0.02,0.06,0.5,0.45,0.8783726720619829
0.3,0.08,0.02,0.02,0.4,0.5,0.8783691523596012
0.3,0.02,0.01,0.06,0.4,0.45,0.8783691523596012
0.3,0.08,0.01,0.04,0.5,0.4,0.8783424397559748
0.3,0.08,0.02,0.04,0.45,0.4,0.8783389200535932
0.35,0.06,0.02,0.08,0.4,0.45,0.8783248412440663
0.35,0.08,0.01,0.08,0.5,0.4,0.8783016483428217
0.3,0.04,0.02,0.02,0.5,0.45,0.8782981286404399
0.3,0.02,0.03,0.02,0.5,0.45,0.8782981286404399
0.35,0.02,0.01,0.08,0.5,0.45,0.8782981286404399
0.3,0.02,0.02,0.04,0.5,0.4,0.8782946089380581
0.39999999999999997,0.08,0.03,0.08,0.5,0.5,0.8782910892356764
0.3,0.04,0.02,0.04,0.45,0.45,0.87826437663205
0.3,0.04,0.03,0.06,0.4,0.4,0.8782306246236602
0.3,0.06,0.01,0.04,0.5,0.4,0.8782271049212785
0.3,0.02,0.03,0.04,0.5,0.4,0.8782271049212785
0.3,0.08,0.01,0.02,0.45,0.5,0.8782271049212785
0.3,0.04,0.02,0.04,0.5,0.4,0.8782271049212785
0.3,0.02,0.03,0.06,0.4,0.4,0.8782235852188969
0.35,0.08,0.02,0.08,0.45,0.4,0.8782200655165151
0.3,0.02,0.01,0.04,0.5,0.45,0.8781933529128887
0.3,0.04,0.02,0.04,0.4,0.5,0.8781933529128887
0.3,0.08,0.01,0.02,0.5,0.45,0.8781933529128887
0.3,0.08,0.03,0.02,0.5,0.4,0.8781933529128887
0.3,0.06,0.02,0.02,0.45,0.5,0.8781933529128887
0.35,0.04,0.03,0.08,0.5,0.4,0.878189833210507
0.3,0.06,0.01,0.06,0.4,0.4,0.878189833210507
0.35,0.02,0.01,0.08,0.45,0.5,0.8781863135081253
0.3,0.04,0.01,0.04,0.5,0.45,0.8781631206068807
0.35,0.08,0.03,0.06,0.5,0.45,0.878159600904499
0.3,0.06,0.02,0.04,0.5,0.4,0.878159600904499
0.3,0.02,0.02,0.04,0.45,0.5,0.878159600904499
0.35,0.08,0.03,0.06,0.45,0.5,0.878159600904499
0.3,0.04,0.01,0.02,0.5,0.5,0.8781560812021172
0.3,0.04,0.03,0.02,0.45,0.5,0.8781560812021172
0.3,0.04,0.02,0.06,0.4,0.4,0.8781525614997354
0.35,0.08,0.01,0.06,0.5,0.5,0.8781223291937275
0.3,0.02,0.03,0.04,0.45,0.45,0.8781188094913457
0.35,0.02,0.03,0.08,0.45,0.45,0.8781117700865823
0.3,0.08,0.02,0.02,0.5,0.4,0.8781117700865823
0.35,0.02,0.03,0.08,0.4,0.5,0.8781117700865823
0.3,0.08,0.02,0.04,0.5,0.4,0.878095616590101
0.3,0.06,0.01,0.02,0.5,0.5,0.8780885771853376
0.3,0.02,0.02,0.04,0.5,0.45,0.8780885771853376
0.3,0.06,0.02,0.02,0.5,0.45,0.8780815377805742
0.35,0.06,0.01,0.08,0.4,0.5,0.8780780180781924
0.3,0.04,0.01,0.04,0.45,0.5,0.8780513054745661
0.3,0.04,0.03,0.04,0.5,0.4,0.8780513054745661
0.3,0.06,0.01,0.04,0.4,0.5,0.8780477857721843
0.3,0.02,0.02,0.02,0.5,0.5,0.8780477857721843
0.3,0.04,0.03,0.02,0.5,0.45,0.8780477857721843
0.3,0.02,0.02,0.06,0.45,0.4,0.8780477857721843
0.3,0.06,0.01,0.02,0.5,0.45,0.8780407463674209
0.3,0.06,0.02,0.04,0.45,0.45,0.8780175534661763
0.3,0.08,0.01,0.04,0.45,0.45,0.8780175534661763
0.3,0.08,0.01,0.06,0.4,0.4,0.8780140337637945
0.3,0.06,0.02,0.06,0.4,0.4,0.8780140337637945
0.3,0.08,0.03,0.02,0.45,0.45,0.8780105140614128
0.35,0.04,0.02,0.08,0.4,0.5,0.8780034746566494
0.3,0.08,0.02,0.02,0.5,0.45,0.8779430100446333
0.35,0.02,0.02,0.08,0.5,0.45,0.8779394903422515
0.3,0.06,0.03,0.02,0.5,0.45,0.8779057383338618
0.35,0.04,0.01,0.08,0.5,0.45,0.87790221863148
0.3,0.02,0.03,0.04,0.4,0.5,0.87790221863148
0.35,0.08,0.02,0.06,0.5,0.5,0.8778755060278536
0.3,0.08,0.03,0.04,0.45,0.4,0.8778719863254718
0.3,0.06,0.03,0.04,0.45,0.4,0.8778684666230903
0.35,0.08,0.02,0.08,0.5,0.4,0.8778684666230903
0.35,0.08,0.01,0.08,0.4,0.5,0.8778649469207085
0.35,0.08,0.03,0.08,0.45,0.4,0.8778649469207085
0.35,0.06,0.03,0.08,0.4,0.45,0.877857907515945
0.35,0.04,0.02,0.08,0.45,0.45,0.877857907515945
0.35,0.06,0.01,0.08,0.45,0.45,0.877857907515945
0.35,0.08,0.02,0.08,0.4,0.45,0.877857907515945
0.3,0.06,0.01,0.04,0.5,0.45,0.8778417540194638
0.3,0.04,0.01,0.06,0.45,0.4,0.8778311949123186
0.3,0.04,0.02,0.04,0.5,0.45,0.8778044823086923
0.35,0.06,0.02,0.08,0.4,0.5,0.8777939232015471
0.3,0.08,0.02,0.04,0.45,0.45,0.8777707303003024
0.3,0.04,0.02,0.02,0.5,0.5,0.8777601711931573
0.3,0.02,0.02,0.06,0.4,0.45,0.8777601711931573
0.3,0.02,0.03,0.02,0.5,0.5,0.8777601711931573
0.3,0.04,0.01,0.06,0.4,0.45,0.8777601711931573
0.3,0.06,0.03,0.04,0.5,0.4,0.8777334585895309
0.3,0.06,0.01,0.06,0.4,0.45,0.8777299388871492
0.3,0.02,0.03,0.04,0.5,0.45,0.8777299388871492
0.3,0.08,0.01,0.02,0.5,0.5,0.8777299388871492
0.3,0.04,0.03,0.04,0.4,0.5,0.8777264191847676
0.3,0.06,0.02,0.04,0.5,0.45,0.8776997065811412
0.3,0.04,0.03,0.04,0.5,0.45,0.8776997065811412
0.3,0.08,0.03,0.02,0.5,0.45,0.8776926671763776
0.3,0.04,0.03,0.04,0.45,0.45,0.877689147473996
0.3,0.08,0.03,0.04,0.5,0.4,0.8776659545727514
0.3,0.08,0.02,0.02,0.45,0.5,0.8776518757632245
0.3,0.02,0.01,0.06,0.45,0.45,0.8776216434572164
0.3,0.06,0.03,0.06,0.4,0.4,0.8776216434572164
0.35,0.06,0.03,0.06,0.5,0.5,0.8776216434572164
0.3,0.06,0.02,0.02,0.5,0.5,0.8776216434572164
0.35,0.04,0.03,0.08,0.4,0.5,0.8776110843500712
0.3,0.02,0.01,0.04,0.5,0.5,0.8775878914488267
0.3,0.08,0.02,0.06,0.4,0.4,0.8775843717464449
0.35,0.08,0.01,0.08,0.45,0.45,0.8775773323416813
0.35,0.04,0.03,0.08,0.45,0.45,0.8775738126392997
0.3,0.02,0.03,0.06,0.45,0.4,0.8775471000356734
0.35,0.02,0.01,0.08,0.5,0.5,0.8775435803332916
0.35,0.02,0.02,0.08,0.45,0.5,0.8775400606309098
0.3,0.02,0.01,0.08,0.4,0.4,0.8775098283249019
0.3,0.04,0.02,0.06,0.45,0.4,0.8775098283249019
0.3,0.08,0.03,0.04,0.4,0.45,0.8775098283249019
0.35,0.06,0.01,0.08,0.5,0.45,0.8775098283249019
0.35,0.08,0.03,0.08,0.4,0.45,0.8774992692177566
0.35,0.08,0.01,0.08,0.45,0.5,0.8774795960188937
0.3,0.06,0.01,0.06,0.45,0.4,0.8774725566141303
0.3,0.04,0.03,0.02,0.5,0.5,0.8774388046057404
0.3,0.04,0.02,0.06,0.4,0.45,0.8774388046057404
0.35,0.02,0.03,0.08,0.5,0.45,0.8774352849033588
0.35,0.02,0.03,0.08,0.45,0.5,0.8774352849033588
0.35,0.06,0.02,0.08,0.45,0.45,0.8774317652009771
0.3,0.06,0.02,0.04,0.4,0.5,0.8774015328949689
0.35,0.06,0.01,0.08,0.45,0.5,0.8774015328949689
0.3,0.08,0.03,0.02,0.4,0.5,0.8773980131925871
0.35,0.04,0.01,0.08,0.45,0.5,0.8773944934902055
0.3,0.08,0.01,0.04,0.5,0.45,0.8773748202913425
0.35,0.02,0.02,0.08,0.5,0.5,0.8773677808865792
0.35,0.06,0.02,0.08,0.45,0.5,0.8773677808865792
0.3,0.02,0.01,0.06,0.5,0.4,0.8773642611841974
0.3,0.08,0.01,0.04,0.4,0.5,0.8773305091758077
0.35,0.04,0.01,0.08,0.5,0.5,0.8773305091758077
0.35,0.06,0.03,0.08,0.5,0.4,0.8772897177626544
0.35,0.08,0.02,0.08,0.4,0.5,0.8772897177626544
0.3,0.06,0.03,0.04,0.45,0.45,0.877263005159028
0.35,0.04,0.02,0.08,0.5,0.45,0.8772559657542646
0.3,0.02,0.02,0.06,0.5,0.4,0.8772257334482565
0.3,0.02,0.03,0.04,0.45,0.5,0.8772257334482565
0.3,0.04,0.01,0.06,0.5,0.4,0.8772222137458747
0.35,0.06,0.03,0.08,0.4,0.5,0.8772186940434931
0.35,0.04,0.02,0.08,0.45,0.5,0.8772186940434931
0.3,0.02,0.03,0.06,0.4,0.45,0.8771849420351032
0.35,0.08,0.01,0.08,0.5,0.45,0.8771849420351032
0.35,0.08,0.02,0.08,0.45,0.45,0.8771814223327214
0.3,0.08,0.01,0.06,0.45,0.4,0.8771547097290952
0.3,0.02,0.01,0.06,0.4,0.5,0.8771511900267134
0.3,0.04,0.01,0.08,0.4,0.4,0.8771511900267134
0.3,0.02,0.02,0.04,0.5,0.5,0.8771209577207053
0.35,0.06,0.03,0.08,0.45,0.45,0.8771068789111784
0.3,0.04,0.01,0.06,0.45,0.45,0.8770836860099338
0.3,0.02,0.02,0.06,0.4,0.5,0.8770836860099338
0.3,0.06,0.02,0.06,0.45,0.4,0.8770836860099338
0.3,0.06,0.01,0.04,0.45,0.5,0.877080166307552
0.3,0.06,0.01,0.06,0.5,0.4,0.8770499340015441
0.3,0.08,0.02,0.02,0.5,0.5,0.8770499340015441
0.35,0.02,0.03,0.08,0.5,0.5,0.8770464142991623
0.3,0.04,0.03,0.06,0.45,0.4,0.8770464142991623
0.35,0.04,0.03,0.08,0.45,0.5,0.8770428945967805
0.35,0.08,0.03,0.08,0.5,0.4,0.8770393748943988
0.3,0.04,0.01,0.04,0.5,0.5,0.8770126622907725
0.3,0.04,0.01,0.06,0.4,0.5,0.8770126622907725
0.35,0.06,0.01,0.08,0.5,0.5,0.8770126622907725
0.3,0.04,0.02,0.04,0.45,0.5,0.8770091425883908
0.35,0.08,0.03,0.08,0.45,0.45,0.877005622886009
0.35,0.04,0.03,0.08,0.5,0.45,0.8769683511752375
0.3,0.02,0.01,0.08,0.4,0.45,0.8769416385716111
0.3,0.08,0.01,0.06,0.4,0.45,0.8769416385716111
0.3,0.02,0.02,0.06,0.45,0.45,0.8769381188692295
0.35,0.04,0.02,0.08,0.5,0.5,0.8769381188692295
0.3,0.02,0.02,0.08,0.4,0.4,0.876931079464466
0.35,0.08,0.02,0.08,0.45,0.5,0.8769043668608396
0.3,0.06,0.03,0.02,0.45,0.5,0.8768938077536945
0.35,0.06,0.03,0.08,0.45,0.5,0.8768670951500681
0.3,0.08,0.02,0.04,0.4,0.5,0.8768670951500681
0.35,0.06,0.02,0.08,0.5,0.45,0.8768600557453047
0.3,0.04,0.02,0.06,0.5,0.4,0.8768333431416783
0.3,0.08,0.03,0.04,0.45,0.45,0.8768333431416783
0.3,0.06,0.03,0.02,0.5,0.5,0.8768333431416783
0.3,0.04,0.03,0.06,0.4,0.45,0.8768298234392966
0.3,0.06,0.03,0.04,0.5,0.45,0.8768031108356702
0.3,0.08,0.02,0.04,0.5,0.45,0.8768031108356702
0.3,0.06,0.02,0.06,0.4,0.45,0.8767960714309067
0.3,0.04,0.02,0.08,0.4,0.4,0.8767623194225169
0.3,0.02,0.03,0.08,0.4,0.4,0.8767623194225169
0.35,0.08,0.03,0.06,0.5,0.5,0.8767587997201352
0.3,0.02,0.03,0.06,0.5,0.4,0.8767250477117454
0.35,0.08,0.01,0.08,0.5,0.5,0.8767250477117454
0.3,0.06,0.01,0.08,0.4,0.4,0.8767215280093636
0.3,0.06,0.03,0.04,0.4,0.5,0.8767215280093636
0.3,0.08,0.03,0.02,0.45,0.5,0.876718008306982
0.35,0.08,0.03,0.08,0.4,0.5,0.876718008306982
0.3,0.02,0.03,0.06,0.4,0.5,0.8766912957033557
0.3,0.02,0.01,0.06,0.45,0.5,0.8766575436949657
0.3,0.04,0.01,0.06,0.5,0.45,0.8765865199758045
0.3,0.04,0.02,0.06,0.4,0.5,0.8765830002734227
0.3,0.06,0.01,0.06,0.4,0.5,0.876549248265033
0.3,0.08,0.01,0.04,0.45,0.5,0.8765457285626512
0.3,0.02,0.01,0.06,0.5,0.45,0.8765457285626512
0.3,0.06,0.02,0.04,0.45,0.5,0.8765457285626512
0.3,0.06,0.01,0.06,0.45,0.45,0.8765457285626512
0.3,0.02,0.03,0.04,0.5,0.5,0.8765457285626512
0.3,0.02,0.01,0.08,0.45,0.4,0.8765386891578878
0.3,0.04,0.01,0.08,0.4,0.45,0.8765154962566432
0.3,0.06,0.01,0.04,0.5,0.5,0.8765119765542615
0.3,0.08,0.03,0.06,0.4,0.4,0.876504937149498
0.3,0.08,0.03,0.02,0.5,0.5,0.87647470484349
0.35,0.08,0.02,0.08,0.5,0.45,0.876430393727955
0.3,0.08,0.03,0.04,0.5,0.45,0.8763734488183205
0.3,0.02,0.02,0.08,0.4,0.45,0.8763699291159388
0.3,0.04,0.02,0.04,0.5,0.5,0.876366409413557
0.3,0.04,0.02,0.06,0.45,0.45,0.876366409413557
0.35,0.06,0.03,0.08,0.5,0.45,0.8763593700087936
0.3,0.06,0.03,0.06,0.45,0.4,0.8763291377027855
0.3,0.08,0.01,0.04,0.5,0.5,0.8762989053967774
0.3,0.08,0.02,0.06,0.45,0.4,0.876291865992014
0.3,0.04,0.03,0.04,0.45,0.5,0.8762545942812425
0.3,0.08,0.03,0.04,0.4,0.5,0.8762208422728526
0.3,0.02,0.02,0.06,0.45,0.5,0.8761906099668446
0.3,0.06,0.02,0.04,0.5,0.5,0.8761906099668446
0.35,0.06,0.02,0.08,0.5,0.5,0.8761835705620811
0.3,0.08,0.01,0.06,0.5,0.4,0.8761160665453015
0.3,0.08,0.02,0.06,0.4,0.45,0.8761160665453015
0.3,0.02,0.03,0.06,0.45,0.45,0.87607879483453
0.3,0.02,0.02,0.06,0.5,0.45,0.87607879483453
0.35,0.08,0.03,0.08,0.5,0.45,0.8760380034213767
0.3,0.08,0.01,0.06,0.45,0.45,0.8760112908177504
0.3,0.06,0.02,0.06,0.5,0.4,0.8760077711153686
0.3,0.06,0.02,0.06,0.45,0.45,0.8759740191069789
0.3,0.02,0.01,0.08,0.45,0.45,0.8759740191069789
0.3,0.02,0.01,0.08,0.4,0.5,0.8759740191069789
0.3,0.08,0.01,0.06,0.4,0.5,0.8759740191069789
0.3,0.06,0.03,0.06,0.4,0.45,0.8759704994045971
0.3,0.04,0.01,0.06,0.45,0.5,0.8759367473962074
0.3,0.02,0.03,0.06,0.45,0.5,0.8759029953878175
0.35,0.08,0.03,0.08,0.45,0.5,0.8758959559830541
0.3,0.08,0.03,0.06,0.4,0.45,0.875865723677046
0.3,0.02,0.01,0.06,0.5,0.5,0.8758319716686562
0.3,0.04,0.03,0.04,0.5,0.5,0.8758319716686562
0.3,0.06,0.03,0.04,0.45,0.5,0.8758249322638928
0.3,0.04,0.03,0.06,0.5,0.4,0.8758249322638928
0.3,0.04,0.01,0.08,0.45,0.4,0.875821412561511
0.3,0.02,0.02,0.08,0.45,0.4,0.875821412561511
0.35,0.04,0.03,0.08,0.5,0.5,0.875821412561511
0.3,0.04,0.02,0.06,0.5,0.45,0.8757946999578846
0.35,0.08,0.02,0.08,0.5,0.5,0.875791180255503
0.3,0.08,0.01,0.08,0.4,0.4,0.875791180255503
0.3,0.04,0.03,0.08,0.4,0.4,0.8757539085447315
0.3,0.06,0.01,0.06,0.5,0.45,0.8757236762387233
0.3,0.06,0.01,0.06,0.45,0.5,0.8757236762387233
0.3,0.04,0.02,0.06,0.45,0.5,0.8757236762387233
0.3,0.04,0.03,0.06,0.45,0.45,0.8757201565363416
0.3,0.02,0.03,0.06,0.5,0.45,0.8756864045279518
0.3,0.06,0.02,0.08,0.4,0.4,0.87568288482557
0.35,0.06,0.03,0.08,0.5,0.5,0.87568288482557
0.3,0.08,0.03,0.06,0.45,0.4,0.87568288482557
0.3,0.08,0.03,0.04,0.45,0.5,0.8756491328171803
0.3,0.06,0.02,0.06,0.4,0.5,0.8756491328171803
0.3,0.08,0.02,0.04,0.45,0.5,0.8756456131147985
0.3,0.06,0.01,0.08,0.45,0.4,0.8756118611064088
0.3,0.04,0.03,0.06,0.4,0.5,0.8756118611064088
0.3,0.06,0.03,0.04,0.5,0.5,0.8755816288004007
0.3,0.06,0.03,0.06,0.5,0.4,0.8755070853788576
0.3,0.08,0.02,0.04,0.5,0.5,0.8754733333704678
0.3,0.02,0.02,0.06,0.5,0.5,0.8754698136680861
0.3,0.08,0.02,0.06,0.45,0.45,0.8754698136680861
0.3,0.06,0.03,0.06,0.45,0.45,0.8754698136680861
0.3,0.06,0.01,0.08,0.4,0.45,0.8754698136680861
0.3,0.08,0.02,0.06,0.5,0.4,0.8753987899489248
0.3,0.04,0.02,0.08,0.45,0.4,0.8753952702465431
0.3,0.08,0.02,0.08,0.4,0.4,0.8753615182381532
0.3,0.02,0.03,0.08,0.45,0.4,0.8753207268250001
0.3,0.04,0.01,0.06,0.5,0.5,0.8752904945189919
0.3,0.02,0.02,0.08,0.4,0.5,0.8752567425106021
0.3,0.04,0.02,0.08,0.4,0.45,0.8752532228082204
0.3,0.02,0.03,0.08,0.4,0.45,0.8752194707998305
0.3,0.02,0.01,0.08,0.5,0.4,0.8752089116926854
0.3,0.06,0.03,0.06,0.4,0.5,0.875182199089059
0.3,0.04,0.01,0.08,0.4,0.5,0.8751484470806692
0.3,0.08,0.01,0.06,0.45,0.5,0.8751111753698977
0.3,0.06,0.03,0.08,0.4,0.4,0.8751076556675159
0.3,0.04,0.03,0.06,0.5,0.45,0.875077423361508
0.3,0.04,0.02,0.06,0.5,0.5,0.875077423361508
0.3,0.04,0.01,0.08,0.5,0.4,0.8750739036591262
0.3,0.06,0.01,0.08,0.5,0.4,0.8750099193447283
0.3,0.04,0.01,0.08,0.45,0.45,0.8750028799399648
0.3,0.08,0.02,0.06,0.4,0.5,0.8750028799399648
0.3,0.02,0.02,0.08,0.5,0.4,0.8749993602375832
0.3,0.04,0.02,0.08,0.5,0.4,0.8749726476339568
0.35,0.08,0.03,0.08,0.5,0.5,0.8749656082291933
0.3,0.08,0.03,0.04,0.5,0.5,0.8749318562208035
0.3,0.02,0.02,0.08,0.45,0.45,0.8749318562208035
0.3,0.06,0.03,0.06,0.5,0.45,0.8748981042124138
0.3,0.08,0.03,0.06,0.45,0.45,0.874894584510032
0.3,0.08,0.01,0.08,0.45,0.4,0.874894584510032
0.3,0.04,0.03,0.06,0.45,0.5,0.874894584510032
0.3,0.06,0.02,0.06,0.5,0.45,0.8748573127992605
0.3,0.08,0.01,0.06,0.5,0.45,0.8748573127992605
0.3,0.06,0.02,0.06,0.45,0.5,0.8748235607908708
0.3,0.06,0.01,0.06,0.5,0.5,0.8748235607908708
0.3,0.04,0.03,0.08,0.4,0.45,0.8748235607908708
0.3,0.06,0.02,0.08,0.45,0.4,0.8747862890800991
0.3,0.08,0.02,0.06,0.5,0.45,0.8747187850633196
0.3,0.02,0.01,0.08,0.5,0.45,0.8747187850633196
0.3,0.08,0.01,0.08,0.4,0.45,0.8747152653609378
0.3,0.06,0.02,0.08,0.4,0.45,0.8747152653609378
0.3,0.04,0.03,0.08,0.45,0.4,0.8746779936501663
0.3,0.02,0.03,0.06,0.5,0.5,0.8745732179226151
0.3,0.08,0.03,0.06,0.4,0.5,0.8745732179226151
0.3,0.08,0.03,0.06,0.5,0.4,0.8745359462118436
0.3,0.04,0.02,0.08,0.4,0.5,0.8744986745010721
0.3,0.02,0.01,0.08,0.45,0.5,0.8744986745010721
0.3,0.02,0.03,0.08,0.5,0.4,0.8744986745010721
0.3,0.04,0.03,0.08,0.5,0.4,0.8744719618974457
0.3,0.08,0.03,0.08,0.4,0.4,0.8744649224926823
0.3,0.06,0.02,0.08,0.5,0.4,0.8744346901866742
0.3,0.04,0.02,0.08,0.45,0.45,0.8743566270627494
0.3,0.06,0.03,0.06,0.45,0.5,0.8743566270627494
0.3,0.02,0.03,0.08,0.45,0.45,0.8743566270627494
0.3,0.06,0.01,0.08,0.45,0.45,0.8743193553519779
0.3,0.06,0.03,0.08,0.45,0.4,0.8742856033435882
0.3,0.08,0.02,0.08,0.45,0.4,0.8742856033435882
0.3,0.06,0.01,0.08,0.4,0.5,0.8742820836412064
0.3,0.02,0.03,0.08,0.5,0.45,0.87425537103758
0.3,0.08,0.01,0.08,0.5,0.4,0.8742518513351983
0.3,0.08,0.02,0.06,0.45,0.5,0.8742483316328166
0.3,0.02,0.02,0.08,0.45,0.5,0.8742483316328166
0.3,0.06,0.03,0.08,0.4,0.45,0.8742483316328166
0.3,0.04,0.01,0.08,0.5,0.45,0.8742145796244267
0.3,0.08,0.02,0.08,0.4,0.45,0.8742110599220451
0.3,0.04,0.02,0.08,0.5,0.45,0.874180827616037
0.3,0.04,0.01,0.08,0.45,0.5,0.8741773079136552
0.3,0.08,0.02,0.08,0.5,0.4,0.8741470756076472
0.3,0.04,0.03,0.06,0.5,0.5,0.8741062841944939
0.3,0.04,0.03,0.08,0.45,0.45,0.8741062841944939
0.3,0.02,0.02,0.08,0.5,0.45,0.8741062841944939
0.3,0.06,0.03,0.08,0.5,0.4,0.8740387801777143
0.3,0.04,0.03,0.08,0.5,0.45,0.873967756458553
0.3,0.08,0.03,0.08,0.45,0.4,0.8739642367561713
0.3,0.06,0.01,0.08,0.5,0.45,0.8739642367561713
0.3,0.06,0.02,0.08,0.45,0.45,0.8739607170537895
0.3,0.02,0.03,0.08,0.4,0.5,0.8739571973514078
0.3,0.08,0.03,0.06,0.5,0.45,0.8738896933346282
0.3,0.06,0.03,0.08,0.45,0.45,0.8738559413262383
0.3,0.08,0.01,0.08,0.45,0.45,0.8738524216238567
0.3,0.06,0.02,0.06,0.5,0.5,0.8738186696154668
0.3,0.08,0.01,0.06,0.5,0.5,0.8737813979046953
0.3,0.02,0.01,0.08,0.5,0.5,0.8737813979046953
0.3,0.08,0.03,0.08,0.5,0.4,0.8737511655986873
0.3,0.08,0.02,0.08,0.45,0.45,0.8737476458963056
0.3,0.02,0.02,0.08,0.5,0.5,0.8737476458963056
0.3,0.06,0.01,0.08,0.45,0.5,0.8737476458963056
0.3,0.08,0.03,0.08,0.4,0.45,0.8737103741855341
0.3,0.04,0.03,0.08,0.4,0.5,0.8737103741855341
0.3,0.06,0.02,0.08,0.4,0.5,0.8737103741855341
0.3,0.06,0.03,0.08,0.5,0.45,0.8736463898711361
0.3,0.08,0.02,0.08,0.5,0.45,0.8736463898711361
0.3,0.08,0.01,0.08,0.5,0.45,0.8736428701687544
0.3,0.04,0.01,0.08,0.5,0.5,0.8736393504663726
0.3,0.08,0.03,0.06,0.45,0.5,0.8736393504663726
0.3,0.06,0.03,0.06,0.5,0.5,0.8736393504663726
0.3,0.06,0.02,0.08,0.5,0.45,0.8736055984579829
0.3,0.08,0.01,0.08,0.4,0.5,0.8735985590532194
0.3,0.06,0.03,0.08,0.4,0.5,0.873422759606507
0.3,0.02,0.03,0.08,0.45,0.5,0.873422759606507
0.3,0.08,0.02,0.06,0.5,0.5,0.8733144641765741
0.3,0.02,0.03,0.08,0.5,0.5,0.8732504798621763
0.3,0.08,0.02,0.08,0.4,0.5,0.8732061687466413
0.3,0.04,0.02,0.08,0.45,0.5,0.8732061687466413
0.3,0.08,0.03,0.06,0.5,0.5,0.8731759364406332
0.3,0.04,0.02,0.08,0.5,0.5,0.8731421844322433
0.3,0.06,0.02,0.08,0.45,0.5,0.8731013930190901
0.3,0.04,0.03,0.08,0.45,0.5,0.8731013930190901
0.3,0.08,0.03,0.08,0.45,0.45,0.8730676410107003
0.3,0.06,0.01,0.08,0.5,0.5,0.8729966172915389
0.3,0.08,0.01,0.08,0.45,0.5,0.8729930975891572
0.3,0.06,0.03,0.08,0.45,0.5,0.8729255935723776
0.3,0.08,0.02,0.08,0.45,0.5,0.8728883218616061
0.3,0.06,0.02,0.08,0.5,0.5,0.8728545698532163
0.3,0.04,0.03,0.08,0.5,0.5,0.8728545698532163
0.3,0.08,0.03,0.08,0.4,0.5,0.8728137784400631
0.3,0.08,0.01,0.08,0.5,0.5,0.8727462744232835
0.3,0.08,0.03,0.08,0.5,0.45,0.8724959315550279
0.3,0.06,0.03,0.08,0.5,0.5,0.8724959315550279
0.3,0.08,0.02,0.08,0.5,0.5,0.8724249078358666
0.3,0.08,0.03,0.08,0.45,0.5,0.8723503644143236
0.3,0.08,0.03,0.08,0.5,0.5,0.871995245818517
